{"type":"FeatureCollection","features":[{"type":"Feature","properties":{"zipcode":"94102"},"geometry":{"type":"Polygon","coordinates":[[[-122.43001800025766,37.77835600015622],[-122.42992899967089,37.777909000256955],[-122.42975700014175,37.776967000044436],[-122.4296769997758,37.776594999689024],[-122.42962599972219,37.776513000042165],[-122.42962200042253,37.776329000191915],[-122.42955399975216,37.77604399982087],[-122.42946000004083,37.775576999655414],[-122.42936600032948,37.77511099983707],[-122.42927300044308,37.77464900035393],[-122.42917800000852,37.77418100013799],[-122.4290850001221,37.77372199982062],[-122.42898999968756,37.773248000075625],[-122.42889000012842,37.77275400030142],[-122.42885699961816,37.77259000020721],[-122.4288020002649,37.77231600009553],[-122.42870799965524,37.77185000031548],[-122.42828300040611,37.771903999654164],[-122.42825699956853,37.77177399983812],[-122.42835899967578,37.771760999701954],[-122.4283100001703,37.77151700032675],[-122.4282950001017,37.771424000125926],[-122.42827900020816,37.77133000001031],[-122.42814399959063,37.77134700012313],[-122.42806900014587,37.77097400009045],[-122.42810299958273,37.770970000169385],[-122.42804900005439,37.7706989998646],[-122.42834699998022,37.770661000109335],[-122.42832699988875,37.77055899984735],[-122.42842599962295,37.770451999685925],[-122.42827500001019,37.76970100026135],[-122.42821999975861,37.76944099975546],[-122.4266840000987,37.769534000320014],[-122.4264020000664,37.76959599992131],[-122.42492900015566,37.77077800015295],[-122.42366499958402,37.77178099980125],[-122.42363199997206,37.77180700006432],[-122.42352499984193,37.771898000202945],[-122.42340199981828,37.771975000342046],[-122.42326700009909,37.772057999839625],[-122.42262000019376,37.77250300004852],[-122.42218599982549,37.77290899991321],[-122.42198900018202,37.77307399978426],[-122.42191600038707,37.773123000070946],[-122.4213199996371,37.77359199965069],[-122.42108899965841,37.773775000157464],[-122.42071399973969,37.7740780000007],[-122.42025400033047,37.77435899969225],[-122.42017700033757,37.77445699995009],[-122.41968100004505,37.77487099986648],[-122.4193339997154,37.77521000026362],[-122.41931000032427,37.775233000085514],[-122.41921900008766,37.77531600018605],[-122.41870400042686,37.77564499972767],[-122.41761499975739,37.77659999974247],[-122.41629199963448,37.77749399988784],[-122.41626099967235,37.77757200030269],[-122.41600899977728,37.77777299995465],[-122.41483499961728,37.77870099980282],[-122.41478199991384,37.77874400030454],[-122.41472099981446,37.77879100027936],[-122.41336500007964,37.77986200030818],[-122.4126090003944,37.780459000068106],[-122.41254800029502,37.780507999720115],[-122.41249200021852,37.78055200026384],[-122.41198500005532,37.780951999809886],[-122.41169999964995,37.7811769999789],[-122.4114569999757,37.78136899996966],[-122.41039099977075,37.78221099966776],[-122.41033600041752,37.78224499985548],[-122.41027100012016,37.78230599979802],[-122.41005199983705,37.7824790000131],[-122.40918399999883,37.78316400006911],[-122.40905299957926,37.78326799996303],[-122.40900200042397,37.78330800032015],[-122.40898200033247,37.783324000172954],[-122.40893100027884,37.783363999789835],[-122.40868799970629,37.78355599977929],[-122.40815999962668,37.78397300015719],[-122.40810400044849,37.78401999964702],[-122.40745099979709,37.7846039998936],[-122.40629099988085,37.785508000112564],[-122.40606199955197,37.785757000311676],[-122.40474299962703,37.78677800019595],[-122.40484999975716,37.78680999981554],[-122.4053460000497,37.786747999741316],[-122.40639899983586,37.78661500027688],[-122.40658999963158,37.78756799997566],[-122.40668300041632,37.788032999784114],[-122.40677100027983,37.788498999781936],[-122.40840200037432,37.78829300021842],[-122.40859499981987,37.78922599994124],[-122.41024199980788,37.78901599991015],[-122.41056099965009,37.788975000243525],[-122.41090299995685,37.78893200001457],[-122.41096700042927,37.78892399998578],[-122.41103100000336,37.788915999956046],[-122.41125100011138,37.78888800020022],[-122.4118860003211,37.7888079998252],[-122.41181900037394,37.78848000022184],[-122.41175499990155,37.7881689996667],[-122.41169899982506,37.787871999651834],[-122.41180199975723,37.78776299983938],[-122.41195800029114,37.787742999804195],[-122.41191700028327,37.78753200023944],[-122.41191300008529,37.78751000027371],[-122.41222500025481,37.787471000350585],[-122.41219599994253,37.78733100014755],[-122.41243600014204,37.7873000003355],[-122.41283100015225,37.787249999924214],[-122.41286999961197,37.78743699972729],[-122.41329499975942,37.787383999956454],[-122.4132579999495,37.78720399994192],[-122.41364200008904,37.787149000126085],[-122.41378799967893,37.787130000218944],[-122.41384499958032,37.78712300028927],[-122.41391099970257,37.7871139997702],[-122.41410999989421,37.78708799992108],[-122.41454900028535,37.78703199972347],[-122.41452400017099,37.78690700030823],[-122.41487599962518,37.786864000295864],[-122.41480700002819,37.78652000000579],[-122.41467499978373,37.78644600030783],[-122.41464999966938,37.78632200020652],[-122.41436400033739,37.78635799982223],[-122.41434300042101,37.78625099980866],[-122.41425100035951,37.786262999930706],[-122.41422100022227,37.786116999851856],[-122.41436400033739,37.786097999679335],[-122.41433300037525,37.78594300003273],[-122.41426899990286,37.78562500008821],[-122.4146170000574,37.785582000039796],[-122.4145660000038,37.78533299996102],[-122.41452099979793,37.785105000119664],[-122.41442999956134,37.78465700023829],[-122.41434500007084,37.78423899983654],[-122.41424200013867,37.78372400033711],[-122.41458500027035,37.783680999892624],[-122.41547099965192,37.783568000338875],[-122.4158830002789,37.78351600026632],[-122.41752900044196,37.78331099993781],[-122.41749400028188,37.78313899988851],[-122.41742499978656,37.782800000353014],[-122.41754199996244,37.78279199966033],[-122.41755000035836,37.78283200027506],[-122.41868099996233,37.782687999806626],[-122.41908699984317,37.782637000179896],[-122.41919800017126,37.782623000178745],[-122.42008299972794,37.78251300007748],[-122.42018200036044,37.78297300012176],[-122.42061199963244,37.78291900034819],[-122.42073800002915,37.782904000049136],[-122.42090600025863,37.78288299976729],[-122.42246399965985,37.78268500016365],[-122.42236900012361,37.782218999713336],[-122.42248499957624,37.78219599993497],[-122.42249600034522,37.78225099988698],[-122.42296599980017,37.78219100026003],[-122.42295599975446,37.78214400031711],[-122.42353900008561,37.78206999978745],[-122.42358400029146,37.782293000093816],[-122.42365600026149,37.78228399969655],[-122.42369700026936,37.782525999742994],[-122.42410800017312,37.782477000008825],[-122.42391800020232,37.781536000158766],[-122.42720299995746,37.781117000190115],[-122.42701700018462,37.7801930002747],[-122.42690000000874,37.779611000046884],[-122.42682899986366,37.7792580000221],[-122.42732000013334,37.77919500031107],[-122.42728099977528,37.77893200002457],[-122.4281849995985,37.778810000200274],[-122.428536999951,37.77876199983012],[-122.42849799959295,37.77857000016783],[-122.42985599987597,37.77837899970939],[-122.43001800025766,37.77835600015622]]]}},{"type":"Feature","properties":{"zipcode":"94103"},"geometry":{"type":"Polygon","coordinates":[[[-122.4286349998603,37.76784599999784],[-122.42865699960161,37.76773500007531],[-122.42848699972228,37.76774699965275],[-122.42786499993137,37.767792999671755],[-122.42723999976738,37.767832999881165],[-122.42720700015543,37.76744599984092],[-122.42729300036918,37.76744099987849],[-122.42721399982811,37.76662000019021],[-122.4271279996144,37.76662500020809],[-122.42712299959153,37.766566999695605],[-122.42686400002374,37.76658300033128],[-122.4268399997343,37.76633699976213],[-122.42682899986366,37.766250000057745],[-122.426817999993,37.766161999673145],[-122.42712699978951,37.766143999920516],[-122.42710800042121,37.76594399977036],[-122.42738200005762,37.765925000093695],[-122.42732799963093,37.765682999673466],[-122.42770400027288,37.7656429997214],[-122.42764399999844,37.765006000037324],[-122.42714900042911,37.76503199984194],[-122.42713600001032,37.764921999841185],[-122.42679600025168,37.764963999951185],[-122.4267679997643,37.76473200022926],[-122.42675600006874,37.764621999782264],[-122.42644300007427,37.764641999682055],[-122.42629300028645,37.764651000096755],[-122.42592500004042,37.76467299976454],[-122.42589999992605,37.764406999985724],[-122.42587700035983,37.76440500020269],[-122.42586399994104,37.76426999980917],[-122.42464600029845,37.76433900023044],[-122.42465200014624,37.76441300004466],[-122.42467200023772,37.76463800012859],[-122.42455699971168,37.76464500005713],[-122.42457400032842,37.7647549997597],[-122.42415000000592,37.76478099965261],[-122.42405999959422,37.76478599979483],[-122.42402799980717,37.764485999894404],[-122.4233950001456,37.7645220002024],[-122.4233469995667,37.76452100031239],[-122.42333700041925,37.76441599971891],[-122.4232339995888,37.76442199977711],[-122.42324100015978,37.76450400005057],[-122.42304799981596,37.764516000152256],[-122.42305100018899,37.76460700003144],[-122.42283000025606,37.76461900011642],[-122.42272700032389,37.76463100019945],[-122.42271800010307,37.7645350001909],[-122.42251100041382,37.76454800017716],[-122.4225030000179,37.764465999952485],[-122.42229600032867,37.76447800006034],[-122.42230100035155,37.764528000252],[-122.42199400020489,37.76454700028756],[-122.42185299973957,37.76457099976487],[-122.42171200017258,37.76459599983352],[-122.42147100014817,37.76461100029669],[-122.42142299956927,37.764118000238966],[-122.42136300019314,37.764120999925126],[-122.42132399983508,37.76371099978639],[-122.4211220001687,37.763723000016746],[-122.42086400042584,37.763737999946855],[-122.42090399971049,37.764181999909205],[-122.42079999995342,37.76418899988085],[-122.42083099991557,37.76453099992154],[-122.42061699965532,37.76454399990851],[-122.42054100038565,37.76456700020763],[-122.42058099967032,37.76499599978225],[-122.4204819999361,37.7650019997934],[-122.41966900034946,37.76505099974806],[-122.41869799968076,37.76510999991119],[-122.41857899985509,37.765116999795055],[-122.41748699971085,37.76518299978314],[-122.41638799989396,37.76524899971233],[-122.41530800034361,37.76531500029277],[-122.41472199963938,37.7653500003185],[-122.41310499978862,37.76544799973414],[-122.41241600005054,37.76549000025558],[-122.41145500032589,37.765548000192425],[-122.41048700003023,37.765606000083835],[-122.4103640000066,37.76430999979361],[-122.40939300023621,37.76436899983776],[-122.40842400011564,37.7644269999436],[-122.40741999983496,37.76448799967525],[-122.40642899997307,37.76454800017716],[-122.40546300022558,37.764606000142635],[-122.40508999995669,37.76462799982381],[-122.40483999971143,37.76464300028053],[-122.40449699957975,37.76466400006262],[-122.40352699963428,37.76472299982437],[-122.4025630004349,37.76478099965261],[-122.4015990003372,37.76483900014552],[-122.40063299969135,37.764897999767655],[-122.40075499989011,37.76619000022653],[-122.39976099965517,37.766250000057745],[-122.39980199966307,37.766588000351675],[-122.3996779998145,37.76669499971308],[-122.40042900037518,37.767300000231685],[-122.40068100027025,37.76750299981439],[-122.40087700008883,37.76748799993774],[-122.40093700036327,37.76812500025737],[-122.40092800014246,37.76817800034546],[-122.40089299998235,37.76825100002951],[-122.4007830003775,37.768361999887645],[-122.39930500044392,37.76952700014417],[-122.39904599997783,37.76973200035358],[-122.3991630001537,37.76982499984204],[-122.400022999596,37.77051499974665],[-122.40166499956112,37.76921900027139],[-122.40185999955479,37.76906499985397],[-122.40199299962417,37.76902900033723],[-122.40207299999012,37.7698850002746],[-122.40240400042623,37.769866000190234],[-122.40303799991273,37.76982899982503],[-122.40340699998367,37.76980700027085],[-122.40361500039613,37.7698930002339],[-122.40387800016185,37.77006300022984],[-122.40165700006351,37.77181700010848],[-122.39964799967728,37.77340399984183],[-122.39961599989023,37.77342899976467],[-122.40009700011414,37.77380399972283],[-122.4004390004209,37.77411300013928],[-122.40080199974577,37.77449799986001],[-122.40088600030967,37.774636000013196],[-122.4009580002797,37.774738000331325],[-122.40098199967083,37.7748089997179],[-122.40252400007684,37.77603899972983],[-122.40197900027877,37.77646999966285],[-122.40286399983547,37.777172000217085],[-122.4029490002243,37.77712900022108],[-122.40350599971788,37.77682300022053],[-122.40367300012245,37.77695600026502],[-122.40406999978248,37.77727300015897],[-122.40460600025801,37.77769999973093],[-122.40506900004029,37.77806899966582],[-122.40561499966323,37.778504999758646],[-122.40616299983432,37.77894300021998],[-122.40392099981958,37.78069899964748],[-122.40367200029753,37.780496999757595],[-122.40333500001364,37.78077300012972],[-122.40308899996636,37.78096699979513],[-122.40325700019584,37.78108799994341],[-122.40305999965403,37.78123499968103],[-122.40293099978261,37.78113299980722],[-122.4025929996738,37.78139800010606],[-122.40177099986632,37.782038000245436],[-122.40198900032453,37.782222000085206],[-122.4016960004216,37.78245299995327],[-122.40115999994606,37.78202400013083],[-122.4003740001236,37.782645000179365],[-122.39892999962687,37.78378499976898],[-122.39832499955438,37.784261999689136],[-122.3978120004417,37.78466699996418],[-122.39868100010484,37.785354000256646],[-122.39891100025861,37.78553599972916],[-122.39936999984293,37.785898999858524],[-122.40046799983493,37.78503000010219],[-122.4009940002647,37.78544100020084],[-122.401156999573,37.78556900020184],[-122.40148999965892,37.78582900007601],[-122.40202500030954,37.78624800031031],[-122.40257500013045,37.78667800005302],[-122.401825000293,37.78727199996735],[-122.40187200014869,37.78728500021568],[-122.40228999972511,37.78761800017179],[-122.40283700007126,37.7880500003156],[-122.40343100027312,37.78764199996998],[-122.4034560003875,37.787776000001294],[-122.40474299962703,37.78677800019595],[-122.40606199955197,37.785757000311676],[-122.40629099988085,37.785508000112564],[-122.40745099979709,37.7846039998936],[-122.40810400044849,37.78401999964702],[-122.40815999962668,37.78397300015719],[-122.40868799970629,37.78355599977929],[-122.40893100027884,37.783363999789835],[-122.40898200033247,37.783324000172954],[-122.40900200042397,37.78330800032015],[-122.40905299957926,37.78326799996303],[-122.40918399999883,37.78316400006911],[-122.41005199983705,37.7824790000131],[-122.41027100012016,37.78230599979802],[-122.41033600041752,37.78224499985548],[-122.41039099977075,37.78221099966776],[-122.4114569999757,37.78136899996966],[-122.41169999964995,37.7811769999789],[-122.41198500005532,37.780951999809886],[-122.41249200021852,37.78055200026384],[-122.41254800029502,37.780507999720115],[-122.4126090003944,37.780459000068106],[-122.41336500007964,37.77986200030818],[-122.41472099981446,37.77879100027936],[-122.41478199991384,37.77874400030454],[-122.41483499961728,37.77870099980282],[-122.41600899977728,37.77777299995465],[-122.41626099967235,37.77757200030269],[-122.41629199963448,37.77749399988784],[-122.41761499975739,37.77659999974247],[-122.41870400042686,37.77564499972767],[-122.41921900008766,37.77531600018605],[-122.41931000032427,37.775233000085514],[-122.4193339997154,37.77521000026362],[-122.41968100004505,37.77487099986648],[-122.42017700033757,37.77445699995009],[-122.42025400033047,37.77435899969225],[-122.42071399973969,37.7740780000007],[-122.42108899965841,37.773775000157464],[-122.4213199996371,37.77359199965069],[-122.42191600038707,37.773123000070946],[-122.42198900018202,37.77307399978426],[-122.42218599982549,37.77290899991321],[-122.42262000019376,37.77250300004852],[-122.42326700009909,37.772057999839625],[-122.42340199981828,37.771975000342046],[-122.42352499984193,37.771898000202945],[-122.42363199997206,37.77180700006432],[-122.42366499958402,37.77178099980125],[-122.42492900015566,37.77077800015295],[-122.4264020000664,37.76959599992131],[-122.42655500022728,37.76948499978517],[-122.42694799968936,37.769175000083415],[-122.42746200042356,37.7687700001415],[-122.4286349998603,37.76784599999784]]]}},{"type":"Feature","properties":{"zipcode":"94107"},"geometry":{"type":"Polygon","coordinates":[[[-122.4064930004455,37.76068599975303],[-122.40649199972229,37.760255000140766],[-122.40638899979012,37.75980399965552],[-122.40626199956851,37.759452000189626],[-122.40624400002517,37.75942200000842],[-122.40610400028311,37.75919599971971],[-122.40590300044164,37.7589339999916],[-122.40554500024135,37.758536999841425],[-122.4050480001239,37.75818899993066],[-122.40483600041178,37.75803400000471],[-122.40444200022648,37.75774800015938],[-122.40416900041501,37.757530000314446],[-122.4037740004048,37.75713799968085],[-122.40368900001597,37.75701500012645],[-122.40354400025102,37.756804000212526],[-122.403396000113,37.75647099994531],[-122.40330599970132,37.75616599968647],[-122.40324499960197,37.75576000023194],[-122.40312699960117,37.75447799966578],[-122.40301100014857,37.75320199987171],[-122.40297799963827,37.75274999966498],[-122.40300699995059,37.75244599974541],[-122.40306100037728,37.7519160001977],[-122.40307300007282,37.75179399983666],[-122.4031750001801,37.75128100034404],[-122.40321399963982,37.75116500006954],[-122.40329800020373,37.750916999925934],[-122.4033090000744,37.75088499968647],[-122.40351400011379,37.75028200002258],[-122.40373599987164,37.74958400027365],[-122.40378399955222,37.749432999742645],[-122.40359299975653,37.74947199984346],[-122.4035690003654,37.74947500012353],[-122.40326100039381,37.74953000026496],[-122.40320299976915,37.749533999924985],[-122.40305499963114,37.74954400013947],[-122.4028610003607,37.74954300004705],[-122.40206200011947,37.74939699990452],[-122.39728500018701,37.74968500024995],[-122.39627400023367,37.74974600006334],[-122.39530799958781,37.74980400027009],[-122.39334000010777,37.74991500011046],[-122.39318299974894,37.74993300026084],[-122.39238600005584,37.7500220001509],[-122.39236299959131,37.750024999698375],[-122.39222799987209,37.75004399990771],[-122.39192999994626,37.75008700002687],[-122.39176300043998,37.75010500013541],[-122.39170599964027,37.75011099993387],[-122.39141799976017,37.750141000339404],[-122.39043299974607,37.750117999816496],[-122.38947799986923,37.7501449999664],[-122.38850799992375,37.75020600011085],[-122.38771799990334,37.75025499992272],[-122.38780400011706,37.75154999993167],[-122.38789000033077,37.752819000178405],[-122.38769600016202,37.75283100004493],[-122.38681200043025,37.75289000001159],[-122.38584599978444,37.75294599979198],[-122.3848800000369,37.75300200024022],[-122.38391400028941,37.75305799993585],[-122.38295100001662,37.753114000299355],[-122.38198500026911,37.75316999991017],[-122.3817109997344,37.75318599989267],[-122.3809850001864,37.75322800027417],[-122.38001400041601,37.75335800001864],[-122.37798099974032,37.75362899994265],[-122.37968100033007,37.767628999936235],[-122.38286399997796,37.76717000013281],[-122.38298899965145,37.7671310001296],[-122.38399100028228,37.76706700017083],[-122.38554200001082,37.7669940000281],[-122.3854149997892,37.767248999930665],[-122.3858230002182,37.767254999759025],[-122.38593299982305,37.76702700025718],[-122.38661499988845,37.76566800013782],[-122.38760599975033,37.76448300022304],[-122.38791700009496,37.76437900017761],[-122.3886180004269,37.76433599984295],[-122.38868100017612,37.764332000272994],[-122.3887310004048,37.76432899988522],[-122.38890499958377,37.76431900024877],[-122.38985199996304,37.76426000016475],[-122.39081699988562,37.76420100003365],[-122.39178099998333,37.7641409999604],[-122.39248599961495,37.76409800019753],[-122.3926100003618,37.76409000032144],[-122.39271400011889,37.76408400023631],[-122.3927290001875,37.764167000069094],[-122.39300500037204,37.764782000249205],[-122.39334000010777,37.765356000300926],[-122.3935099999871,37.76558499985905],[-122.3937650002552,37.765929000287656],[-122.393919000241,37.76607399989399],[-122.39429900018261,37.76643500000029],[-122.39447300025988,37.766581999759055],[-122.3946439999641,37.766570999854835],[-122.39483700030794,37.76655900008658],[-122.39506099971561,37.76654499988112],[-122.39582599962166,37.76716600000598],[-122.39665300035034,37.76782499969901],[-122.39742199955604,37.76843800032132],[-122.39817899996453,37.76904099970469],[-122.39859400006621,37.7693710000093],[-122.39842900020976,37.76950399996744],[-122.39989999957234,37.77061200032126],[-122.40005100008342,37.7707759998321],[-122.4001079999848,37.77085400023386],[-122.40015999986335,37.77092700011656],[-122.40020699971902,37.770999999927184],[-122.4002489995518,37.77107599977992],[-122.40027000036652,37.77113100019456],[-122.40029100028292,37.771188000167946],[-122.40030399980338,37.77123800008353],[-122.40032200024505,37.77132900021239],[-122.40033499976552,37.77141000013141],[-122.40034700035939,37.77149799995163],[-122.40035900005498,37.77156600022516],[-122.40036099970482,37.77161299979283],[-122.40036699955257,37.77168300025697],[-122.40036099970482,37.77175399973688],[-122.40035099965905,37.77183199981705],[-122.40033499976552,37.7719050001544],[-122.4003120001993,37.77197799970952],[-122.40028799990986,37.77205099990272],[-122.40025399957467,37.77212400002378],[-122.40020500006919,37.77221799984016],[-122.40016599971115,37.77228399988151],[-122.40008500041858,37.772388000171375],[-122.40001900029637,37.77246400001763],[-122.39995900002192,37.7725260000025],[-122.39925000019231,37.773145000058705],[-122.3990150000157,37.77296100034694],[-122.39876499977044,37.772748000209134],[-122.3985870003935,37.77257499994228],[-122.39849299978387,37.77246199974238],[-122.39846000017191,37.772549999730735],[-122.39838700037696,37.772661000236354],[-122.39835499969162,37.77270900030747],[-122.39858499984537,37.77288999989579],[-122.39874200020422,37.7730160000695],[-122.39907500029014,37.77328399966853],[-122.39682999990235,37.77503199991798],[-122.39676999962789,37.7749839999349],[-122.39638100036379,37.7746739998558],[-122.39626099981486,37.7745780001037],[-122.39618800001993,37.774518999683806],[-122.39394400035538,37.776260000307516],[-122.39335500017638,37.77578700024078],[-122.39269499985234,37.77528999973682],[-122.39252699962282,37.77516300014219],[-122.39234599987286,37.77502699975848],[-122.39021500018617,37.77672300009886],[-122.3903919997382,37.77695999986226],[-122.39042799972322,37.77700799998241],[-122.39054099970113,37.77709699996008],[-122.39112099965925,37.777553000063584],[-122.39170700036347,37.778019999817054],[-122.38947899969415,37.779773999793115],[-122.38931800003564,37.77988599978501],[-122.38927000035508,37.779921000013935],[-122.38890700013192,37.78019800008479],[-122.38860400018322,37.780496999757595],[-122.38839900014378,37.78076600030794],[-122.38853600041116,37.78107700006721],[-122.38847100011381,37.78132800032042],[-122.38842300043326,37.781798000043864],[-122.38811200008863,37.78180600013414],[-122.38807000025584,37.782448999943256],[-122.38762800038994,37.782826000290775],[-122.38752499955949,37.782797000004614],[-122.38742099980242,37.78278999966453],[-122.38474799979244,37.78293900026892],[-122.38473000024909,37.78292599996606],[-122.38471199980744,37.78278199968076],[-122.38168099959717,37.78352899975542],[-122.38343399989037,37.78753499968568],[-122.38454399957793,37.787400000346686],[-122.38701999994441,37.78724699975647],[-122.3874069995587,37.78724100013055],[-122.38767000022273,37.78717499995374],[-122.38769899963675,37.78709800002798],[-122.3877089996825,37.78697699977962],[-122.38777200033,37.78591200034839],[-122.38786199984338,37.784842999888035],[-122.3878919999806,37.78477400014128],[-122.38819300027949,37.78476199977746],[-122.38847899961142,37.78492099964761],[-122.38941900031799,37.784953000071276],[-122.3895470003645,37.78509000026423],[-122.38932300005854,37.785287000205365],[-122.38972800011449,37.78567900001451],[-122.390004000299,37.78548899978348],[-122.39021199981315,37.785687999998345],[-122.39029499965385,37.785766999888736],[-122.38978300036604,37.78617800014841],[-122.38963699987788,37.78622400005944],[-122.38995800026824,37.78647899966421],[-122.39006700004819,37.78656599970388],[-122.39008100029189,37.78657700018309],[-122.39014300021617,37.78662700033983],[-122.39015699956154,37.78663800009994],[-122.39018199967592,37.78665799972425],[-122.39080000016719,37.78616999982141],[-122.39111599963638,37.78592800034738],[-122.39144200004961,37.78569899989829],[-122.39147300001177,37.78567900001451],[-122.39163700004329,37.78557199972775],[-122.39166399980746,37.785555999651685],[-122.39174599982324,37.785508000112564],[-122.39182799983901,37.785459000225494],[-122.3918620001742,37.78543900027672],[-122.39199799971831,37.78535800010945],[-122.3921090000464,37.78530200002081],[-122.39225299998644,37.78522900013308],[-122.39293800042488,37.78491499983285],[-122.39345100043586,37.78461600028309],[-122.39371199965346,37.784460000037775],[-122.39454000020704,37.78381500000654],[-122.39467099972829,37.78392000003196],[-122.39516100017306,37.78431099965987],[-122.39439600026698,37.78491499983285],[-122.39423499971018,37.78504199971248],[-122.39419299987739,37.78507499969584],[-122.39415799971728,37.78510199986483],[-122.39414400037191,37.78511299985199],[-122.39409900016607,37.785149000056634],[-122.39402299999809,37.7852090001221],[-122.39460700015418,37.78555300012513],[-122.39507999998219,37.785928999947856],[-122.3956449998717,37.786378999826645],[-122.3957560001998,37.7862909999712],[-122.39580899990325,37.786248999906455],[-122.39583999986537,37.786224999655914],[-122.39670500022886,37.78554200020346],[-122.3978120004417,37.78466699996418],[-122.39832499955438,37.784261999689136],[-122.39892999962687,37.78378499976898],[-122.4003740001236,37.782645000179365],[-122.40115999994606,37.78202400013083],[-122.4016960004216,37.78245299995327],[-122.40198900032453,37.782222000085206],[-122.40177099986632,37.782038000245436],[-122.4025929996738,37.78139800010606],[-122.40293099978261,37.78113299980722],[-122.40305999965403,37.78123499968103],[-122.40325700019584,37.78108799994341],[-122.40308899996636,37.78096699979513],[-122.40333500001364,37.78077300012972],[-122.40367200029753,37.780496999757595],[-122.40392099981958,37.78069899964748],[-122.40616299983432,37.77894300021998],[-122.40561499966323,37.778504999758646],[-122.40506900004029,37.77806899966582],[-122.40460600025801,37.77769999973093],[-122.40406999978248,37.77727300015897],[-122.40367300012245,37.77695600026502],[-122.40350599971788,37.77682300022053],[-122.4029490002243,37.77712900022108],[-122.40286399983547,37.777172000217085],[-122.40197900027877,37.77646999966285],[-122.40252400007684,37.77603899972983],[-122.40098199967083,37.7748089997179],[-122.4009580002797,37.774738000331325],[-122.40088600030967,37.774636000013196],[-122.40080199974577,37.77449799986001],[-122.4004390004209,37.77411300013928],[-122.40009700011414,37.77380399972283],[-122.39961599989023,37.77342899976467],[-122.39964799967728,37.77340399984183],[-122.40165700006351,37.77181700010848],[-122.40387800016185,37.77006300022984],[-122.40361500039613,37.7698930002339],[-122.40340699998367,37.76980700027085],[-122.40303799991273,37.76982899982503],[-122.40240400042623,37.769866000190234],[-122.40207299999012,37.7698850002746],[-122.40199299962417,37.76902900033723],[-122.40185999955479,37.76906499985397],[-122.40166499956112,37.76921900027139],[-122.400022999596,37.77051499974665],[-122.3991630001537,37.76982499984204],[-122.39904599997783,37.76973200035358],[-122.39930500044392,37.76952700014417],[-122.4007830003775,37.768361999887645],[-122.40089299998235,37.76825100002951],[-122.40092800014246,37.76817800034546],[-122.40093700036327,37.76812500025737],[-122.40087700008883,37.76748799993774],[-122.40068100027025,37.76750299981439],[-122.40042900037518,37.767300000231685],[-122.3996779998145,37.76669499971308],[-122.39980199966307,37.766588000351675],[-122.39976099965517,37.766250000057745],[-122.40075499989011,37.76619000022653],[-122.40063299969135,37.764897999767655],[-122.4015990003372,37.76483900014552],[-122.4025630004349,37.76478099965261],[-122.40352699963428,37.76472299982437],[-122.40449699957975,37.76466400006262],[-122.40483999971143,37.76464300028053],[-122.40508999995669,37.76462799982381],[-122.40505999981944,37.76431099968642],[-122.40510500002529,37.763851999884416],[-122.40520299993459,37.76347799978072],[-122.40525800018617,37.763323000284785],[-122.40532400030841,37.76313699975068],[-122.40538399968455,37.76296999989973],[-122.40565400002129,37.76243300032808],[-122.40592600000785,37.762012000192286],[-122.40602200026731,37.76186300002054],[-122.40614699994079,37.76163800001687],[-122.40628300038323,37.76139299997622],[-122.40648000002673,37.760730999961595],[-122.4064930004455,37.76068599975303]]]}},{"type":"Feature","properties":{"zipcode":"94108"},"geometry":{"type":"Polygon","coordinates":[[[-122.41432499997936,37.792506000278486],[-122.4142930001923,37.79234300021639],[-122.41410700041945,37.791416000093854],[-122.41391599972543,37.7904630003278],[-122.4133009996072,37.790540999834896],[-122.41308800007019,37.79056800013657],[-122.4122660002627,37.79067299979609],[-122.41215400010972,37.79012400031216],[-122.4120760002919,37.789739999885896],[-122.4118860003211,37.7888079998252],[-122.41125100011138,37.78888800020022],[-122.41103100000336,37.788915999956046],[-122.41096700042927,37.78892399998578],[-122.41090299995685,37.78893200001457],[-122.41056099965009,37.788975000243525],[-122.41024199980788,37.78901599991015],[-122.40859499981987,37.78922599994124],[-122.40840200037432,37.78829300021842],[-122.40677100027983,37.788498999781936],[-122.40668300041632,37.788032999784114],[-122.40658999963158,37.78756799997566],[-122.40639899983586,37.78661500027688],[-122.4053460000497,37.786747999741316],[-122.40484999975716,37.78680999981554],[-122.40474299962703,37.78677800019595],[-122.4034560003875,37.787776000001294],[-122.4034920003725,37.78796299989319],[-122.40358000023602,37.78842699977918],[-122.4036610004269,37.78889399969242],[-122.4037469997423,37.789363000021865],[-122.40384200017684,37.78982900015126],[-122.40393400023837,37.79028600004877],[-122.40403100032275,37.79075999986746],[-122.40421999957033,37.791690999921464],[-122.40441799993702,37.79263899978837],[-122.4046129999307,37.79356499997692],[-122.40471099983998,37.794020999992135],[-122.4047960002288,37.79445300032454],[-122.40487599969643,37.79485999978587],[-122.40495699988728,37.7953270002129],[-122.40463600039526,37.79536699972156],[-122.4047030003424,37.795740000184345],[-122.4045359999378,37.79576300000663],[-122.4045779997706,37.79597300002782],[-122.40458399961838,37.79599999976418],[-122.40458899964125,37.79602600002676],[-122.40444100040156,37.79604499977598],[-122.40447200036373,37.796197999895185],[-122.40441200008924,37.796301999901964],[-122.40483800006159,37.79624900010109],[-122.40514299966011,37.79621099999277],[-122.40511199969798,37.79606700003999],[-122.40508300028398,37.79592600033181],[-122.4055839997011,37.79589300022536],[-122.40554699989117,37.79570999981902],[-122.405772999847,37.795681999798326],[-122.40586300025866,37.79612200031635],[-122.40622499975858,37.79607799981458],[-122.4063510001553,37.796061999883754],[-122.40665199955585,37.796024999853],[-122.40660100040053,37.795773999826494],[-122.40701099958106,37.795720000178804],[-122.40697299994625,37.795531999861666],[-122.4069939998626,37.79553000021065],[-122.40712100008423,37.79551199979982],[-122.40715600024434,37.79568400015509],[-122.40735500043596,37.795658999950874],[-122.40736600030661,37.79571600017702],[-122.40739200024588,37.79571200017502],[-122.4076120003539,37.795681999798326],[-122.40760399995797,37.795638999923355],[-122.40781400002028,37.79561200005511],[-122.4078519996551,37.79580400016584],[-122.40779700030183,37.795881000247526],[-122.40825300041142,37.795824000148635],[-122.40870500032302,37.79576700000582],[-122.40874299995785,37.795761999829324],[-122.4090760000438,37.795720000178804],[-122.40934399983239,37.79568599980195],[-122.40954700022199,37.795661000308264],[-122.40989899967617,37.795616000062516],[-122.4098729997369,37.795487999718375],[-122.41022599991432,37.79544300007711],[-122.41020099979998,37.79531900016658],[-122.4104359999766,37.79528900034015],[-122.41039800034179,37.7951019998224],[-122.4109709997289,37.795028999677825],[-122.41098400014769,37.7950939997517],[-122.41100599988901,37.79509200008882],[-122.41116700044579,37.79507099972119],[-122.41124000024071,37.79544700009366],[-122.41154200036452,37.795409000282625],[-122.41151700025019,37.79528599978898],[-122.41182699987156,37.79523800018138],[-122.41179000006164,37.79505500028214],[-122.41183000024459,37.79504700020635],[-122.41206200004822,37.795013999707265],[-122.41207100026904,37.79505800013287],[-122.41214900008686,37.79504799968347],[-122.41219099991964,37.79525800031741],[-122.41231700031632,37.7952439998678],[-122.41233599968459,37.795307000095505],[-122.4131879996293,37.79519799989297],[-122.41400899961187,37.7950930002752],[-122.41424200013867,37.79506200017022],[-122.41415400027513,37.794635000102694],[-122.41418299968913,37.7946280001741],[-122.41410599969623,37.79425499977585],[-122.41408999980271,37.794182000214114],[-122.414075999559,37.7941220003355],[-122.4142859996213,37.79409499991284],[-122.41423299991786,37.793836000220956],[-122.41403700009926,37.793863000028395],[-122.41392999996911,37.79335999983921],[-122.41405399981771,37.79334400002962],[-122.414039999574,37.7932780003347],[-122.41399299971833,37.79304799973266],[-122.41395199971043,37.79283799991562],[-122.41394300038793,37.79279100035487],[-122.41402299985555,37.79278000009082],[-122.41397699982481,37.792557000193604],[-122.41420899962837,37.79252699995547],[-122.41432499997936,37.792506000278486]]]}},{"type":"Feature","properties":{"zipcode":"94109"},"geometry":{"type":"Polygon","coordinates":[[[-122.43010399957309,37.79546300015769],[-122.43006500011332,37.79527300023844],[-122.42998899994534,37.79489500002206],[-122.4298039999974,37.793976999658746],[-122.42962499989727,37.793097999770126],[-122.42944699962204,37.79221700033136],[-122.42927000007003,37.79133900032782],[-122.4290919997948,37.790459000041444],[-122.42890500019705,37.789534000232415],[-122.42871199985319,37.78857699994234],[-122.42831500019317,37.78862700016569],[-122.42815500035958,37.78785699964808],[-122.42843800021681,37.787819999767876],[-122.42855299984456,37.78779100002149],[-122.42852500025545,37.78765099971476],[-122.42833600010957,37.78671299990546],[-122.42824099967501,37.786247000004195],[-122.4281479997886,37.78578400023151],[-122.42800899987141,37.78505799989988],[-122.42797200006149,37.78487099975658],[-122.42779700015932,37.78401100016998],[-122.42777899971766,37.783925000299924],[-122.42758399972398,37.782985999706355],[-122.42749099983756,37.782523000093455],[-122.42739600030134,37.78205700004174],[-122.42731199973741,37.781651999664234],[-122.42720299995746,37.781117000190115],[-122.42391800020232,37.781536000158766],[-122.42410800017312,37.782477000008825],[-122.42369700026936,37.782525999742994],[-122.42365600026149,37.78228399969655],[-122.42358400029146,37.782293000093816],[-122.42353900008561,37.78206999978745],[-122.42295599975446,37.78214400031711],[-122.42296599980017,37.78219100026003],[-122.42249600034522,37.78225099988698],[-122.42248499957624,37.78219599993497],[-122.42236900012361,37.782218999713336],[-122.42246399965985,37.78268500016365],[-122.42090600025863,37.78288299976729],[-122.42073800002915,37.782904000049136],[-122.42061199963244,37.78291900034819],[-122.42018200036044,37.78297300012176],[-122.42008299972794,37.78251300007748],[-122.41919800017126,37.782623000178745],[-122.41908699984317,37.782637000179896],[-122.41868099996233,37.782687999806626],[-122.41755000035836,37.78283200027506],[-122.41754199996244,37.78279199966033],[-122.41742499978656,37.782800000353014],[-122.41749400028188,37.78313899988851],[-122.41752900044196,37.78331099993781],[-122.4158830002789,37.78351600026632],[-122.41547099965192,37.783568000338875],[-122.41458500027035,37.783680999892624],[-122.41424200013867,37.78372400033711],[-122.41434500007084,37.78423899983654],[-122.41442999956134,37.78465700023829],[-122.41452099979793,37.785105000119664],[-122.4145660000038,37.78533299996102],[-122.4146170000574,37.785582000039796],[-122.41426899990286,37.78562500008821],[-122.41433300037525,37.78594300003273],[-122.41436400033739,37.786097999679335],[-122.41422100022227,37.786116999851856],[-122.41425100035951,37.786262999930706],[-122.41434300042101,37.78625099980866],[-122.41436400033739,37.78635799982223],[-122.41464999966938,37.78632200020652],[-122.41467499978373,37.78644600030783],[-122.41480700002819,37.78652000000579],[-122.41487599962518,37.786864000295864],[-122.41452400017099,37.78690700030823],[-122.41454900028535,37.78703199972347],[-122.41410999989421,37.78708799992108],[-122.41391099970257,37.7871139997702],[-122.41384499958032,37.78712300028927],[-122.41378799967893,37.787130000218944],[-122.41364200008904,37.787149000126085],[-122.4132579999495,37.78720399994192],[-122.41329499975942,37.787383999956454],[-122.41286999961197,37.78743699972729],[-122.41283100015225,37.787249999924214],[-122.41243600014204,37.7873000003355],[-122.41219599994253,37.78733100014755],[-122.41222500025481,37.787471000350585],[-122.41191300008529,37.78751000027371],[-122.41191700028327,37.78753200023944],[-122.41195800029114,37.787742999804195],[-122.41180199975723,37.78776299983938],[-122.41169899982506,37.787871999651834],[-122.41175499990155,37.7881689996667],[-122.41181900037394,37.78848000022184],[-122.4118860003211,37.7888079998252],[-122.4120760002919,37.789739999885896],[-122.41215400010972,37.79012400031216],[-122.4122660002627,37.79067299979609],[-122.41308800007019,37.79056800013657],[-122.4133009996072,37.790540999834896],[-122.41391599972543,37.7904630003278],[-122.41410700041945,37.791416000093854],[-122.4142930001923,37.79234300021639],[-122.41432499997936,37.792506000278486],[-122.41420899962837,37.79252699995547],[-122.41397699982481,37.792557000193604],[-122.41402299985555,37.79278000009082],[-122.41394300038793,37.79279100035487],[-122.41395199971043,37.79283799991562],[-122.41399299971833,37.79304799973266],[-122.414039999574,37.7932780003347],[-122.41405399981771,37.79334400002962],[-122.41392999996911,37.79335999983921],[-122.41403700009926,37.793863000028395],[-122.41423299991786,37.793836000220956],[-122.4142859996213,37.79409499991284],[-122.414075999559,37.7941220003355],[-122.41408999980271,37.794182000214114],[-122.41410599969623,37.79425499977585],[-122.41418299968913,37.7946280001741],[-122.41415400027513,37.794635000102694],[-122.41424200013867,37.79506200017022],[-122.41460000033896,37.795016000082065],[-122.41482600029477,37.79498799979834],[-122.41485999973163,37.79515700010732],[-122.41474599992881,37.79517300023415],[-122.41447599959209,37.79520700013723],[-122.41451300030032,37.79540000006301],[-122.41441700004084,37.79541200011898],[-122.41445399985076,37.7955780003384],[-122.41455699978293,37.79556500012943],[-122.41462499955502,37.795923999981646],[-122.41500500039491,37.79587700025446],[-122.41504999970243,37.79610100024145],[-122.41470699957075,37.7961489999982],[-122.41474000008105,37.79631100001174],[-122.41478000026402,37.79635599983414],[-122.41481799989884,37.79639900000165],[-122.41488300019618,37.796719000049215],[-122.41489599971666,37.79678000011168],[-122.41490900013545,37.796843999902045],[-122.41493099987677,37.79695299980551],[-122.41486399992961,37.79696199983592],[-122.4149059997624,37.797171999998035],[-122.41493199970166,37.797169000233154],[-122.41494400029553,37.797227000161506],[-122.41496900040991,37.79733100013941],[-122.41501299989251,37.79754600001843],[-122.41503600035706,37.797543000268774],[-122.41503899983178,37.79756000003178],[-122.4153359999327,37.797512999925786],[-122.41538399961328,37.79774999974776],[-122.41547700039803,37.79821200035071],[-122.41557199993427,37.79868000031093],[-122.41583100040033,37.798647000015],[-122.41576699992794,37.79831299993324],[-122.41597199996735,37.79828600033245],[-122.41609199961793,37.79827199974685],[-122.41606599967866,37.79814200016543],[-122.41632199977171,37.798109000339046],[-122.417004999662,37.79802100025667],[-122.4171229996628,37.798003999889865],[-122.41721800009734,37.798471999748244],[-122.41738799997665,37.79845000020047],[-122.41757299992457,37.79842599965389],[-122.4176309996509,37.79873899989978],[-122.41786500000265,37.79871000017992],[-122.4178969997897,37.79886600015426],[-122.41761099955941,37.798900999912135],[-122.41768799955231,37.799276999956106],[-122.41770299962091,37.79937200015139],[-122.41748099986309,37.79940100032114],[-122.41738499960361,37.79941399985506],[-122.41749299955865,37.79990600008137],[-122.41758700016831,37.80034099970721],[-122.41770199979602,37.80084399992189],[-122.4177989998804,37.801266999889386],[-122.4178769996982,37.801706999792],[-122.41796600028496,37.80220099983076],[-122.41805999999629,37.80267900019717],[-122.41817499962403,37.80265300014694],[-122.4186449999773,37.80259400013545],[-122.41865900022101,37.80266799998593],[-122.41856499961138,37.80268000028083],[-122.41863800030463,37.803073000166094],[-122.41815100023288,37.80313500002747],[-122.41825599981489,37.803649999806304],[-122.41821599963191,37.803687000276476],[-122.41828099992925,37.804023000321436],[-122.41834100020371,37.80406999983406],[-122.41841300017373,37.80442499998901],[-122.41852899962637,37.804410999857254],[-122.41866800044184,37.8043940002514],[-122.41868900035826,37.80450100025228],[-122.41878600044264,37.8044880001941],[-122.41887799960583,37.80495400003091],[-122.41876700017605,37.80496900011239],[-122.41853100017451,37.804999000266136],[-122.41860499979433,37.80537299969337],[-122.41891699996388,37.80532999978153],[-122.41893600023043,37.805424999998905],[-122.41921499988969,37.80538999978363],[-122.41924500002693,37.80553900024033],[-122.41907500014763,37.80556099980597],[-122.41912000035347,37.805784000194876],[-122.41897999971307,37.80580200023191],[-122.41899999980454,37.80589599980201],[-122.41901900007112,37.80598799988449],[-122.41904500001039,37.80611699981491],[-122.41913399969884,37.80616200005124],[-122.41921900008766,37.80618500017719],[-122.41937399989835,37.80616500016062],[-122.41940599968541,37.80632100000418],[-122.41961900012075,37.80629399978186],[-122.41971500038022,37.80676200034528],[-122.42055999975389,37.806658000160944],[-122.42074300005201,37.807590000027425],[-122.41908600001828,37.8078029998252],[-122.41920999986685,37.80838800017744],[-122.41922400011053,37.80845299985163],[-122.41969299974059,37.80868100003627],[-122.42001999997875,37.80884100024353],[-122.42080499997628,37.81185099985697],[-122.42081199964899,37.8118790001356],[-122.42107600013796,37.81288900014583],[-122.42248200010154,37.8128279999034],[-122.42449099958944,37.81273200003651],[-122.42458199982606,37.81272800024632],[-122.42518199987565,37.81262799974413],[-122.42590199957588,37.81205699973219],[-122.42487599955389,37.81079900024845],[-122.42489800019352,37.8107919997226],[-122.42506100040015,37.81077900006215],[-122.42522200005865,37.81075499997335],[-122.42538000024237,37.8107190001804],[-122.42556299964218,37.81066300015218],[-122.42573699971945,37.81059199972576],[-122.4258749998117,37.8105209999408],[-122.42600500040636,37.8104420002598],[-122.42614799962317,37.81033500035042],[-122.42616600006485,37.8103130000779],[-122.4262199995932,37.81027000020372],[-122.42627700039294,37.810212999853334],[-122.426409999564,37.810064000310774],[-122.42652699973985,37.8099049999005],[-122.42662499964915,37.80973999992957],[-122.42667099967991,37.809638999649295],[-122.42670400019018,37.80956799965769],[-122.42676500028955,37.80939199972403],[-122.42680600029745,37.809211000104725],[-122.42682399984079,37.80906599994844],[-122.42684800013025,37.80901900006673],[-122.42682899986366,37.808970000158205],[-122.42682600038893,37.80882400023796],[-122.4268310004118,37.80879600022031],[-122.42681200014522,37.80870200008322],[-122.42681600034317,37.80862399987868],[-122.42671800043387,37.80816899988222],[-122.42669999999224,37.808069000302716],[-122.42658199999144,37.80802399980903],[-122.42648900010504,37.8076519996454],[-122.42625700030143,37.80718499977679],[-122.42578000027545,37.80671499970688],[-122.4256279999395,37.80645600025791],[-122.4254880001974,37.806010000026134],[-122.4252990000515,37.8050780000923],[-122.4253819998922,37.80497100021762],[-122.42523100027947,37.80422599984441],[-122.42520899963984,37.80413300034197],[-122.42519100009649,37.80402699987335],[-122.42513199964694,37.803738000280305],[-122.42524200015013,37.80371899967064],[-122.42566200027468,37.803666000222904],[-122.42559299977941,37.803326999748805],[-122.42506300004996,37.8033990001367],[-122.42504200013356,37.80329300003413],[-122.42501700001922,37.80319400031658],[-122.42550200044113,37.803131999795],[-122.42541399967925,37.80267200032106],[-122.4253889995649,37.80254999993978],[-122.42528399998292,37.8025630003391],[-122.42523299992929,37.802311999814435],[-122.4252139996627,37.80221900003127],[-122.4250649996998,37.80223800031704],[-122.42483500044433,37.80226800016057],[-122.42481500035287,37.802175000322],[-122.4247979997361,37.80209099977183],[-122.42466800003977,37.80142599973398],[-122.42463399970455,37.80135699985683],[-122.4246069999404,37.80129999972458],[-122.42460100009264,37.80126099998227],[-122.42463899972745,37.801257000280515],[-122.42470900004764,37.80125000026964],[-122.4253390002345,37.80116999979372],[-122.425319000143,37.8010660002522],[-122.42523399975421,37.800643999954644],[-122.42510499988278,37.80066199982479],[-122.42504200013356,37.80032800033643],[-122.42446399982525,37.800402000327786],[-122.42444299990886,37.80031199990647],[-122.42429200029613,37.799564999843156],[-122.42427499967937,37.799472000150224],[-122.42425399976298,37.79937800021191],[-122.42420000023463,37.799110000108655],[-122.42430999983948,37.79909199986025],[-122.4246839999333,37.79904500001918],[-122.42475099988043,37.799036000242545],[-122.42470400002478,37.79880599982092],[-122.42453400014547,37.79866099981968],[-122.42412099969357,37.798718999996325],[-122.42410399997515,37.79863300020766],[-122.42408200023384,37.798538999911514],[-122.42433400012894,37.7985069996928],[-122.42453800034342,37.798481000303426],[-122.42444000043412,37.798016000232685],[-122.42439900042622,37.79778799977427],[-122.42405499957133,37.797830999818075],[-122.42394400014159,37.79784499977742],[-122.42391400000434,37.79769700027589],[-122.42389399991288,37.79760399965084],[-122.42414800035607,37.797571000293914],[-122.4243399999767,37.79754600001843],[-122.4243269995579,37.79745299991317],[-122.42427200020467,37.79718300031795],[-122.42436199971802,37.7971709998398],[-122.42434199962653,37.79706899995591],[-122.42433400012894,37.79705200007987],[-122.42424799991521,37.797062999707855],[-122.42423100019677,37.79697599995995],[-122.42421399958,37.79697899973267],[-122.42416000005163,37.79670999998914],[-122.4242620001589,37.796696999979375],[-122.42424399971722,37.79660800017864],[-122.42422500034897,37.79651000018625],[-122.42415099983081,37.796143999847565],[-122.42503799993561,37.79603100018538],[-122.42515599993638,37.79601599970839],[-122.42527300011226,37.796000999938215],[-122.42568099964292,37.795949000096186],[-122.4263819999749,37.79585899992812],[-122.42636699990629,37.79578699999869],[-122.42666599965702,37.79574899965273],[-122.42668099972565,37.795821000329056],[-122.42679899972643,37.79580599980944],[-122.4269159999023,37.79579099999662],[-122.42770199972476,37.795689999805354],[-122.42771000012065,37.79573100000506],[-122.42833399956143,37.79565099994049],[-122.42830400032251,37.795503999773516],[-122.42842200032328,37.79549100026138],[-122.42854000032405,37.79547900021825],[-122.42900999977904,37.79541899997329],[-122.42906199965756,37.79562100024888],[-122.42907900027433,37.795708000172816],[-122.42935499956053,37.79567300032184],[-122.42933299981922,37.79556600030941],[-122.4299870002955,37.79548200005176],[-122.43010399957309,37.79546300015769]]]}},{"type":"Feature","properties":{"zipcode":"94110"},"geometry":{"type":"Polygon","coordinates":[[[-122.42718500041411,37.7358090000442],[-122.42673099995437,37.735766999722706],[-122.42517699985278,37.73563600005543],[-122.42518400042378,37.73558699980031],[-122.42522600025657,37.73529200014554],[-122.4249309998055,37.73526599983547],[-122.42470300019988,37.73537000031065],[-122.42453400014547,37.73535599988634],[-122.42437599996173,37.73534299974364],[-122.4238880000651,37.735302000153084],[-122.4238949997378,37.73511899965914],[-122.42371399998781,37.73502799974203],[-122.42345899971968,37.73490599995873],[-122.42288299995951,37.73482100010738],[-122.42241599997926,37.73498099966297],[-122.42239900026084,37.73516599965058],[-122.42227200003923,37.735160000061484],[-122.42212100042649,37.73515300018502],[-122.42186100013551,37.73514000000667],[-122.42167600018756,37.73512999997724],[-122.42168700005821,37.73474199978187],[-122.42186100013551,37.734647999941274],[-122.42224600009996,37.734361000346986],[-122.42207700004556,37.7341379997234],[-122.42206399962677,37.734043999826426],[-122.42186399961022,37.733779000351056],[-122.42174499978455,37.73338000031429],[-122.42154499976799,37.733282000337866],[-122.42143599998806,37.73313200025313],[-122.42132700020811,37.73287399973765],[-122.42121699970494,37.73276499984455],[-122.4210729997649,37.732675000196394],[-122.42094999974124,37.732609000337575],[-122.42088899964186,37.73257599967561],[-122.42077099964112,37.73219099986538],[-122.42073700020423,37.73208199967726],[-122.42070000039432,37.73195499978371],[-122.42035800008756,37.7320060002594],[-122.42026100000317,37.7320120001041],[-122.41946400031004,37.7320600002651],[-122.41924400020203,37.7320600002651],[-122.41846099985429,37.7320600002651],[-122.41739200017463,37.73204999981969],[-122.41665700040579,37.73201299972297],[-122.41593900035537,37.73207199994529],[-122.41545899995634,37.73216400027042],[-122.41520899971111,37.73221200033291],[-122.41511499999979,37.73222999981548],[-122.41438799972855,37.7324170002199],[-122.41349300012614,37.73286400011264],[-122.41207899976665,37.73357299966401],[-122.41126700000493,37.7339910001493],[-122.41041800043325,37.73445699972366],[-122.4099499997298,37.73471499969628],[-122.40979800029216,37.73482800001522],[-122.40950500038919,37.735044000094675],[-122.40914100034111,37.73537500030932],[-122.40908600008956,37.735448999966074],[-122.4089930002031,37.73557499997939],[-122.40892299988292,37.7356499997164],[-122.4088359998443,37.7357449999846],[-122.408809999905,37.73577299997307],[-122.40877899994288,37.73581700013654],[-122.40865500009431,37.735997999775215],[-122.40858200029939,37.73612499983839],[-122.40848799968973,37.736291000336514],[-122.40846799959824,37.73634199995685],[-122.4083579999934,37.7366170000346],[-122.408337000077,37.736677999962524],[-122.4082450000155,37.73706299988513],[-122.40823300031994,37.737181000049134],[-122.4082109996803,37.737399999716686],[-122.40821599970317,37.73758200000173],[-122.40821700042642,37.73761199980281],[-122.4081250003649,37.737656999836794],[-122.40798700027263,37.73770600014266],[-122.4078509998302,37.73775499970568],[-122.4077889999059,37.73777700026734],[-122.40768500014885,37.73780599973839],[-122.40765800038466,37.73781300007443],[-122.40755399972926,37.73783699969926],[-122.40700899993122,37.73800199966232],[-122.4070540001371,37.73845799998556],[-122.40706900020567,37.73855399973308],[-122.40711400041151,37.73905999985251],[-122.40717399978767,37.73892099986239],[-122.40725699962834,37.7387970003358],[-122.40737200015438,37.738757000054626],[-122.40747000006367,37.73878899985506],[-122.40749000015518,37.738827999881735],[-122.40754000038389,37.738926000331645],[-122.40762900007232,37.7393499996815],[-122.40764199959281,37.73960599990929],[-122.40706199963468,37.739570000263775],[-122.40695200002982,37.74049500004636],[-122.40683499985397,37.74085499974005],[-122.40673000027196,37.74111899996555],[-122.40657399973803,37.74138100026481],[-122.40628900023101,37.74177400004043],[-122.4058380001443,37.74239200011984],[-122.40530500004184,37.74311499973246],[-122.40490400018386,37.74368100030846],[-122.40459000036446,37.74412600005523],[-122.40452699971696,37.74429799992999],[-122.40418500030852,37.74523700027697],[-122.40420299985189,37.74548400012988],[-122.40422799996622,37.745567999667664],[-122.40425700027855,37.745665000283836],[-122.40431500000487,37.745929999832406],[-122.40428999989052,37.745960999942795],[-122.40416900041501,37.74611000017744],[-122.40406399993472,37.74625300000139],[-122.40392400019263,37.7465939997233],[-122.40371199958219,37.74720200022649],[-122.40366200025181,37.74741199970001],[-122.40356099996944,37.7477620001028],[-122.40367399994737,37.74805599967336],[-122.40380199999387,37.74833000016411],[-122.4038670002912,37.74839700032156],[-122.40389700042844,37.74842900021631],[-122.40405200023913,37.748590000298265],[-122.40399100013977,37.74878100027653],[-122.40382700010825,37.7492970003412],[-122.40378399955222,37.749432999742645],[-122.40373599987164,37.74958400027365],[-122.40351400011379,37.75028200002258],[-122.4033090000744,37.75088499968647],[-122.40329800020373,37.750916999925934],[-122.40321399963982,37.75116500006954],[-122.4031750001801,37.75128100034404],[-122.40307300007282,37.75179399983666],[-122.40306100037728,37.7519160001977],[-122.40300699995059,37.75244599974541],[-122.40297799963827,37.75274999966498],[-122.40301100014857,37.75320199987171],[-122.40312699960117,37.75447799966578],[-122.40324499960197,37.75576000023194],[-122.40330599970132,37.75616599968647],[-122.403396000113,37.75647099994531],[-122.40354400025102,37.756804000212526],[-122.40368900001597,37.75701500012645],[-122.4037740004048,37.75713799968085],[-122.40416900041501,37.757530000314446],[-122.40444200022648,37.75774800015938],[-122.40483600041178,37.75803400000471],[-122.4050480001239,37.75818899993066],[-122.40554500024135,37.758536999841425],[-122.40590300044164,37.7589339999916],[-122.40610400028311,37.75919599971971],[-122.40624400002517,37.75942200000842],[-122.40626199956851,37.759452000189626],[-122.40638899979012,37.75980399965552],[-122.40649199972229,37.760255000140766],[-122.4064930004455,37.76068599975303],[-122.40648000002673,37.760730999961595],[-122.40628300038323,37.76139299997622],[-122.40614699994079,37.76163800001687],[-122.40602200026731,37.76186300002054],[-122.40592600000785,37.762012000192286],[-122.40565400002129,37.76243300032808],[-122.40538399968455,37.76296999989973],[-122.40532400030841,37.76313699975068],[-122.40525800018617,37.763323000284785],[-122.40520299993459,37.76347799978072],[-122.40510500002529,37.763851999884416],[-122.40505999981944,37.76431099968642],[-122.40508999995669,37.76462799982381],[-122.40546300022558,37.764606000142635],[-122.40642899997307,37.76454800017716],[-122.40741999983496,37.76448799967525],[-122.40842400011564,37.7644269999436],[-122.40939300023621,37.76436899983776],[-122.4103640000066,37.76430999979361],[-122.41048700003023,37.765606000083835],[-122.41145500032589,37.765548000192425],[-122.41241600005054,37.76549000025558],[-122.41310499978862,37.76544799973414],[-122.41472199963938,37.7653500003185],[-122.41530800034361,37.76531500029277],[-122.41638799989396,37.76524899971233],[-122.41748699971085,37.76518299978314],[-122.41857899985509,37.765116999795055],[-122.41869799968076,37.76510999991119],[-122.41966900034946,37.76505099974806],[-122.4204819999361,37.7650019997934],[-122.42058099967032,37.76499599978225],[-122.42054100038565,37.76456700020763],[-122.42061699965532,37.76454399990851],[-122.42083099991557,37.76453099992154],[-122.42079999995342,37.76418899988085],[-122.42090399971049,37.764181999909205],[-122.42086400042584,37.763737999946855],[-122.4211220001687,37.763723000016746],[-122.42132399983508,37.76371099978639],[-122.42136300019314,37.764120999925126],[-122.42142299956927,37.764118000238966],[-122.42147100014817,37.76461100029669],[-122.42171200017258,37.76459599983352],[-122.42185299973957,37.76457099976487],[-122.42199400020489,37.76454700028756],[-122.42230100035155,37.764528000252],[-122.42229600032867,37.76447800006034],[-122.4225030000179,37.764465999952485],[-122.42251100041382,37.76454800017716],[-122.42271800010307,37.7645350001909],[-122.42272700032389,37.76463100019945],[-122.42283000025606,37.76461900011642],[-122.42305100018899,37.76460700003144],[-122.42304799981596,37.764516000152256],[-122.42324100015978,37.76450400005057],[-122.4232339995888,37.76442199977711],[-122.42333700041925,37.76441599971891],[-122.4233469995667,37.76452100031239],[-122.4233950001456,37.7645220002024],[-122.42402799980717,37.764485999894404],[-122.42405999959422,37.76478599979483],[-122.42415000000592,37.76478099965261],[-122.42457400032842,37.7647549997597],[-122.42455699971168,37.76464500005713],[-122.42467200023772,37.76463800012859],[-122.42465200014624,37.76441300004466],[-122.42464600029845,37.76433900023044],[-122.42586399994104,37.76426999980917],[-122.42587700035983,37.76440500020269],[-122.42589999992605,37.764406999985724],[-122.42592500004042,37.76467299976454],[-122.42629300028645,37.764651000096755],[-122.42624600043081,37.763978999732544],[-122.42639799986843,37.763948999966985],[-122.42652000006717,37.7639180002912],[-122.42689099978793,37.76385600019049],[-122.42684899995514,37.763541000101554],[-122.42683499971146,37.76341500011644],[-122.42681499961995,37.763211999965066],[-122.42680200009949,37.76307700023463],[-122.42679200005374,37.76299599970994],[-122.42629800030932,37.763026999772165],[-122.42613699975252,37.76303599967327],[-122.42610400014055,37.762631000199384],[-122.4260709996303,37.76220600008528],[-122.42598299976673,37.761433000096254],[-122.42583600035196,37.75983500034533],[-122.42574799959009,37.75903599995269],[-122.4256849998409,37.75823200028786],[-122.42560399965008,37.75743500030813],[-122.42553199968005,37.75663600027146],[-122.42568700038906,37.756627000301904],[-122.4261490003464,37.75659899967941],[-122.42611900020917,37.756297999952864],[-122.42622200014134,37.75629199994584],[-122.42613299955457,37.7553549999837],[-122.42612000003409,37.75522400018121],[-122.42601700010192,37.75523000027479],[-122.42601000042924,37.75515799982959],[-122.42568200036617,37.75517800015758],[-122.4255500001217,37.75518100020629],[-122.42554500009884,37.75511699985051],[-122.42553199968005,37.75502500035185],[-122.42552900020529,37.754945000262516],[-122.42545999971001,37.754208000039824],[-122.42602200012479,37.75419400033747],[-122.42594500013192,37.7533919999797],[-122.42583299997891,37.75339800022185],[-122.42580399966658,37.75310900007836],[-122.4258310003291,37.75310699998988],[-122.42581999956012,37.75299800005743],[-122.42592900023838,37.752990999736966],[-122.42589099970523,37.75259100021329],[-122.42586499976596,37.75259300031573],[-122.42579399962085,37.75180299968385],[-122.42556600001521,37.75181699983861],[-122.42554000007594,37.7516180000792],[-122.42565300005384,37.75161100033852],[-122.42563999963505,37.75147499996806],[-122.4256279999395,37.751402000063045],[-122.42566800012247,37.75139899986105],[-122.42563799998524,37.751087000211335],[-122.4256200004419,37.751008000198354],[-122.42559799980226,37.75091300034072],[-122.42557799971075,37.75070400022456],[-122.42564700020608,37.75069899984074],[-122.4256339997873,37.7505629999249],[-122.4256070000231,37.750286000352254],[-122.42557799971075,37.75019800015299],[-122.42554900029678,37.75011300010333],[-122.42549800024315,37.74957999990608],[-122.42536000015087,37.74958900002256],[-122.42535099993006,37.74949700004296],[-122.42533099983858,37.74940900032602],[-122.42532099979282,37.749321999889574],[-122.42546599955777,37.74931399983614],[-122.42543499959564,37.74900199991881],[-122.42552099980938,37.74899600003044],[-122.42551199958854,37.748900999720625],[-122.42542600027315,37.748906000225986],[-122.42541799987723,37.74883199981545],[-122.42531999996793,37.748837999717125],[-122.42530599972424,37.748694999915976],[-122.42529400002866,37.74860599985049],[-122.425283000158,37.74851999999687],[-122.42543399977075,37.74851099975038],[-122.42542000042535,37.74837000024418],[-122.42538500026525,37.748028000069],[-122.42526800008937,37.74803500014866],[-122.42525300002079,37.747891000101674],[-122.42516199978418,37.74789599996496],[-122.42515099991351,37.74780699964888],[-122.42512900017222,37.747631000352904],[-122.42526100041668,37.74762300011666],[-122.42523399975421,37.74735300033766],[-122.42506200022507,37.747364000258486],[-122.42502700006499,37.7470119998511],[-122.42477599999481,37.747027999744475],[-122.42476299957602,37.74691799996357],[-122.42475400025349,37.7468260002149],[-122.42522200005865,37.746792000078166],[-122.42534199970922,37.74659499985557],[-122.42521899968557,37.74660200007078],[-122.42523399975421,37.74657799973608],[-122.42515599993638,37.74658200026593],[-122.42513599984491,37.74639100029474],[-122.42471499989543,37.74641499997979],[-122.42470900004764,37.74634999971977],[-122.42469499980393,37.74623499966623],[-122.42468499975821,37.74611900000565],[-122.42467999973532,37.7460680000177],[-122.42480399958389,37.746060000322835],[-122.4250799997684,37.746044000220174],[-122.42507399992061,37.74597499978215],[-122.42514699971557,37.74597099992977],[-122.4251009996848,37.74548699986129],[-122.42475199970535,37.745508000109],[-122.42474400020775,37.74542300035497],[-122.42472800031422,37.7452610003362],[-122.42507300009572,37.745240000018406],[-122.42502799988988,37.744758999902785],[-122.42455500006184,37.74474899975204],[-122.42454400019119,37.744631000286155],[-122.42501199999634,37.744601999937096],[-122.42500399960042,37.74451299992179],[-122.42496199976763,37.74404799988117],[-122.42471900009338,37.74405800012662],[-122.4246999998268,37.7438189997148],[-122.42469300015412,37.74373000017861],[-122.42484899978973,37.74371999988879],[-122.424838999744,37.743611999798446],[-122.42497099998847,37.743603999838115],[-122.4249319996304,37.74319399964731],[-122.4243969998781,37.74323200001691],[-122.42437699978662,37.74303100025209],[-122.42475400025349,37.74300799965044],[-122.42473499998694,37.74278400002681],[-122.42485800001057,37.742775999976985],[-122.42484299994194,37.74260100026883],[-122.42479100006341,37.74260400011708],[-122.42477299962175,37.74239799983324],[-122.42433599977872,37.742431999857494],[-122.42432800028114,37.74234099969482],[-122.42431499986235,37.742231000051284],[-122.42442600019044,37.74213600029225],[-122.42451200040415,37.74213100003983],[-122.42448399991676,37.74181699999227],[-122.42483600026925,37.74179600011805],[-122.42473499998694,37.74165300020711],[-122.42494599987411,37.74163999974946],[-122.42484799996481,37.741477999974975],[-122.42472400011627,37.74123800026252],[-122.42464100027559,37.741046999997444],[-122.42456400028269,37.74083199988301],[-122.42451700042702,37.740668000046675],[-122.42447499969592,37.740489000178705],[-122.42443399968805,37.74023499988909],[-122.42450300018331,37.739860000225995],[-122.4242699996565,37.73986600014468],[-122.42427600040259,37.73978400026737],[-122.42448499974165,37.73899299976719],[-122.42472400011627,37.73843099983433],[-122.42495099989698,37.738062999869854],[-122.42508200031654,37.737850999654455],[-122.42528599963273,37.737639999795604],[-122.42559799980226,37.73731699969187],[-122.42616600006485,37.736834999685556],[-122.42665899998437,37.73641799989709],[-122.42672199973353,37.73637200026041],[-122.42654500018153,37.736269000043684],[-122.42718500041411,37.7358090000442]]]}},{"type":"Feature","properties":{"zipcode":"94112"},"geometry":{"type":"Polygon","coordinates":[[[-122.46893900024719,37.70823200023836],[-122.46896900038442,37.7081980001458],[-122.46889999988913,37.7081980001458],[-122.46864700016914,37.70819900008601],[-122.46847800011476,37.70820099996647],[-122.46697900026476,37.708210000138465],[-122.46676800037757,37.708229999648104],[-122.46662500026244,37.708244000225534],[-122.46654099969854,37.70825400033179],[-122.46590300001407,37.708247999983904],[-122.46576200044706,37.70824500016513],[-122.4653289999037,37.708239999756245],[-122.46531700020813,37.70821100007853],[-122.46505000024445,37.70821200001857],[-122.46498400012221,37.70821200001857],[-122.46489600025868,37.70821299995866],[-122.46481199969477,37.708271999951116],[-122.4644960002256,37.708271999951116],[-122.46445100001975,37.7082739998296],[-122.46445000019483,37.70823200023836],[-122.46445100001975,37.708209000198345],[-122.46398900006237,37.70820299984687],[-122.46396499977295,37.708234000117926],[-122.46367100004507,37.708050000313484],[-122.46365400032664,37.708065000156296],[-122.46341800032509,37.70827000007258],[-122.46316100040713,37.70809299994945],[-122.46291000033696,37.708316000107686],[-122.46278300011534,37.70823200023836],[-122.46269799972654,37.708192999733676],[-122.46265599989376,37.70823200023836],[-122.46228199979991,37.70823200023836],[-122.46202400005707,37.70825999996848],[-122.46168400029845,37.708030000044566],[-122.46146300036551,37.70823200023836],[-122.46134799983948,37.70817999979779],[-122.46103700039316,37.70798100000249],[-122.4609910003624,37.708037000352505],[-122.46092600006507,37.70809499983277],[-122.46081899993496,37.7081980001458],[-122.4607109999799,37.70830400013218],[-122.46064200038295,37.70825600021076],[-122.46038000044214,37.708083999763296],[-122.46021999971026,37.70823200023836],[-122.46017399967947,37.7082749997688],[-122.46013600004464,37.708309999764815],[-122.45979899976075,37.708088000241005],[-122.45975299973001,37.708133999678324],[-122.45957399962987,37.7083020002545],[-122.4594709996977,37.70823100029859],[-122.45935699989488,37.708155999800844],[-122.45922899984836,37.708075000286705],[-122.45910400017489,37.70799300003029],[-122.45877399956368,37.70830600000974],[-122.45825800007796,37.707972999746],[-122.45821799989501,37.708032999872046],[-122.45798799974122,37.70824200034624],[-122.45795199975622,37.70826900013332],[-122.45791300029649,37.70824300028592],[-122.45774400024207,37.70812800003143],[-122.45763200008909,37.70823899981657],[-122.45749800019479,37.708366999804134],[-122.45748399995107,37.708380999645044],[-122.45704600028316,37.70808099993789],[-122.45699400040463,37.70810200013457],[-122.45684299989357,37.708234000117926],[-122.45667899986205,37.708378999769444],[-122.4565690002572,37.70830400013218],[-122.45646600032504,37.708234000117926],[-122.45624200001902,37.70808099993789],[-122.45608499966022,37.70822499994885],[-122.45598199972805,37.708322999677904],[-122.45578900028251,37.708190999853066],[-122.45563199992367,37.70808299982148],[-122.45559000009087,37.70812300032535],[-122.45551999977067,37.70818500021079],[-122.4554710002652,37.70823100029859],[-122.45542400040954,37.7082749997688],[-122.4553520004395,37.708341999929466],[-122.45520099992845,37.70823899981657],[-122.45504100009488,37.7081299999138],[-122.45499500006414,37.70809900030989],[-122.45438999999162,37.70830600000974],[-122.45435599965646,37.70823200023836],[-122.4543380001131,37.70822300006909],[-122.45398300028586,37.70823200023836],[-122.45355200029061,37.708380999645044],[-122.45343099991682,37.708154999860035],[-122.45290100018738,37.70833600029942],[-122.45282400019451,37.70819399967402],[-122.45250500035225,37.708299999666124],[-122.45247000019216,37.708148000273894],[-122.45224500006128,37.7080400001797],[-122.45158899993515,37.70826099990792],[-122.45155399977504,37.708192999733676],[-122.45153000038391,37.70820199990665],[-122.4512120003666,37.70831400023033],[-122.45119800012291,37.70831899992353],[-122.4511760003816,37.70828200005359],[-122.45111600010712,37.708171000332854],[-122.45103400009138,37.7080189999654],[-122.4510139999999,37.70798100000249],[-122.45028599990374,37.70823300017818],[-122.4502680003604,37.70819900008601],[-122.4502409996979,37.708154999860035],[-122.44988099984779,37.70827000007258],[-122.44971699981626,37.70796400025593],[-122.44965999991483,37.7079849997751],[-122.44956200000556,37.70801700008008],[-122.44945900007339,37.70805300014015],[-122.44930000006472,37.70810699984212],[-122.44914100005609,37.7081610002154],[-122.44899899976586,37.708210000138465],[-122.4489309999938,37.708085999646805],[-122.44891500010027,37.70805500002449],[-122.44881999966572,37.708088000241005],[-122.44885900002377,37.7081610002154],[-122.44866599967992,37.70822100018923],[-122.44857500034165,37.70825099980256],[-122.44861600034955,37.708328000081195],[-122.44852199973988,37.708360000238066],[-122.44853699980848,37.70838799991983],[-122.44816000023995,37.708517000296716],[-122.44815000019419,37.70849999996241],[-122.4481009997904,37.708517000296716],[-122.4480360003914,37.70839700006912],[-122.44802899982037,37.708384000169005],[-122.44787700038273,37.70843699969275],[-122.44783899984957,37.708366999804134],[-122.44779100016899,37.70838300023123],[-122.44775299963585,37.70831300029167],[-122.44773400026762,37.70831899992353],[-122.44770300030548,37.70826099990792],[-122.44735000012805,37.70837400008025],[-122.4473119995949,37.70838899985748],[-122.44727399996005,37.70840400034239],[-122.44715599995928,37.70821100007853],[-122.44705700022509,37.708240999695896],[-122.44700000032367,37.70826099990792],[-122.44653900019124,37.70841800017625],[-122.44652699959734,37.708398999944166],[-122.44643799990888,37.708229999648104],[-122.44639199987814,37.708148000273894],[-122.4463540002433,37.70808299982148],[-122.44631999990811,37.7080380002949],[-122.44581600011794,37.70823300017818],[-122.44548899987979,37.708332999773496],[-122.4454610002907,37.70828299999268],[-122.44543299980332,37.70823200023836],[-122.44532099965033,37.70802199979332],[-122.4453120003278,37.70800599999899],[-122.44508200017403,37.708083999763296],[-122.44505500040987,37.70809299994945],[-122.44511300013616,37.70820199990665],[-122.44513400005255,37.70823899981657],[-122.44503399959515,37.70827299989034],[-122.44479799959358,37.70835299996063],[-122.4446210000416,37.70802500033182],[-122.44455599974425,37.70805500002449],[-122.44445700001006,37.708088000241005],[-122.44429800000138,37.70814199991749],[-122.44402600001482,37.70823500005766],[-122.44389499959527,37.708279000236196],[-122.44385100011264,37.7081980001458],[-122.4435950000196,37.70828499987087],[-122.44355499983665,37.70821299995866],[-122.44334599959926,37.708283999931815],[-122.44318099974281,37.70834900020794],[-122.44297099968053,37.70825199974212],[-122.44289899971052,37.708125000207794],[-122.44281500004492,37.708153999919176],[-122.44280499999917,37.70813600027123],[-122.44273300002916,37.7081610002154],[-122.44265400038645,37.70818800003198],[-122.44257200037069,37.70821599977872],[-122.44260599980755,37.708279000236196],[-122.44228100011753,37.70838899985748],[-122.44218300020823,37.70842199992523],[-122.44214200020036,37.70842399979966],[-122.441968999948,37.708133999678324],[-122.44147699985342,37.708297999788336],[-122.44128400040788,37.70836599986618],[-122.44126699979114,37.70831899992353],[-122.4412440002249,37.708326000204224],[-122.44120999988971,37.708333999711904],[-122.44085500006248,37.70834000005282],[-122.44081200040479,37.70832700014271],[-122.44052799982433,37.70823599999744],[-122.44049699986219,37.70828200005359],[-122.44045900022736,37.70833800017611],[-122.44034399970134,37.70850399970697],[-122.44004400012565,37.708375999955976],[-122.43990199983546,37.70838600004442],[-122.43983999991117,37.70838999979519],[-122.4397520000476,37.7083520000225],[-122.43967500005473,37.70831799998492],[-122.43955200003107,37.70826399972605],[-122.43935200001452,37.70817699997627],[-122.43919100035606,37.70810699984212],[-122.43903099962418,37.708037000352505],[-122.43897999957055,37.708014000251964],[-122.43887499998857,37.70822100018923],[-122.43882800013289,37.7082749997688],[-122.43877500042946,37.70827299989034],[-122.43838100024416,37.70811200025999],[-122.43835699995469,37.70816200015617],[-122.43831199974888,37.70823200023836],[-122.43825599967236,37.70831799998492],[-122.43816600015899,37.708459999662026],[-122.43805499983091,37.70841700023899],[-122.43795400044687,37.708376999893794],[-122.43785099961642,37.70833700023777],[-122.43774799968425,37.70829699984945],[-122.437645999577,37.7082570001502],[-122.43753400032234,37.708213999898675],[-122.43739299985701,37.708157999682456],[-122.4370909997332,37.7080400001797],[-122.43678100011181,37.70791899994639],[-122.43666899995883,37.70803399981449],[-122.43648099963784,37.70821900030931],[-122.4363850002767,37.708309999764815],[-122.43632400017734,37.70835799965126],[-122.43627499977352,37.70840500027983],[-122.43606800008429,37.70819600026526],[-122.4360129998327,37.70823200023836],[-122.43582899970968,37.70835799965126],[-122.43575699973965,37.70840700015473],[-122.4357240001277,37.708430000133305],[-122.43570099966318,37.70840700015473],[-122.4356399995638,37.70834800026968],[-122.43561600017267,37.70832400032714],[-122.43549200032412,37.70824500016513],[-122.43536599992741,37.7081649999783],[-122.43509999978863,37.708131999796066],[-122.43496800044247,37.708131999796066],[-122.43486999963486,37.708131999796066],[-122.43458900032579,37.708131999796066],[-122.43431300014126,37.708131999796066],[-122.43398199970515,37.708131999796066],[-122.43347999956481,37.70834099999112],[-122.43330499966264,37.70823200023836],[-122.43317900016426,37.70815100009659],[-122.43286500034489,37.70816999968155],[-122.43280099987247,37.70817300021407],[-122.43276900008541,37.70823200023836],[-122.4327029999632,37.70835100008429],[-122.43269000044272,37.70834700033148],[-122.43238300029607,37.708225999888754],[-122.43225799972427,37.70817699997627],[-122.43219900017303,37.708156999741625],[-122.4321470002945,37.7082289997083],[-122.43208799984494,37.708378999769444],[-122.43192299998852,37.70834299986774],[-122.43180199961469,37.708473000259495],[-122.43172700016994,37.708380999645044],[-122.43168399961391,37.70832900001972],[-122.4315840000548,37.708229999648104],[-122.43138499986318,37.70832099980074],[-122.43134100038054,37.70823100029859],[-122.4308819998979,37.70823100029859],[-122.43002699958016,37.708281000114496],[-122.42991100012755,37.70833800017611],[-122.42978300008102,37.70834499974431],[-122.42962700044542,37.70835299996063],[-122.42933600019227,37.70837300014239],[-122.4292540001765,37.708378999769444],[-122.42914600022146,37.70837300014239],[-122.42890299964893,37.70836100017611],[-122.42889199977826,37.708355999775044],[-122.42849000009537,37.708204999727165],[-122.42839800003384,37.708371000266574],[-122.42833600010957,37.708354999836935],[-122.42794100009935,37.70818600015118],[-122.42790799958908,37.70823599999744],[-122.42786599975626,37.70829699984945],[-122.42719000043701,37.708299999666124],[-122.4271639995994,37.70838799991983],[-122.4270869996065,37.708646999672546],[-122.42695500026034,37.7089059999415],[-122.42682100036603,37.70912200029123],[-122.42670699966492,37.709250000175075],[-122.42697700000166,37.70938699986689],[-122.42699000042046,37.70940000030175],[-122.42732900035415,37.70949500013016],[-122.42718000039125,37.70989099974889],[-122.42701200016178,37.710269000253604],[-122.4274089998218,37.710381000296024],[-122.4273400002248,37.71053399999163],[-122.42721600037628,37.71080500034476],[-122.42718700006395,37.71086800002263],[-122.42747699959385,37.71099700034648],[-122.42744200033205,37.71104499991383],[-122.4275929999448,37.71111199970218],[-122.42762700027998,37.71106500007973],[-122.42808000001652,37.71126599991932],[-122.42866300034773,37.71153400004179],[-122.42895000040289,37.7116629999169],[-122.4291119998863,37.71172600028662],[-122.42925099980344,37.71177300020044],[-122.42966300043042,37.71187800015727],[-122.42977499968512,37.71191800003401],[-122.42969600004237,37.712170000324356],[-122.42969900041543,37.71226400026963],[-122.43107299969363,37.71254699998206],[-122.43195700032372,37.712729000233054],[-122.43243900037255,37.7128350001342],[-122.4328579997739,37.71291399966691],[-122.43355699955771,37.7130619997342],[-122.43371999976432,37.713101999682465],[-122.43368200012951,37.713181000351774],[-122.43366000038819,37.71322800005336],[-122.43363500027382,37.713280999666004],[-122.43283799968242,37.714387000121214],[-122.43277699958304,37.714437000047305],[-122.4323230000216,37.715037999929784],[-122.43115399988449,37.71659399998045],[-122.43106699984587,37.71654899993729],[-122.43067000018581,37.71645300008557],[-122.42722300004893,37.71554900005915],[-122.42718899971376,37.715748000139186],[-122.42684800013025,37.71665100004318],[-122.4266980003424,37.71704599997134],[-122.42666999985502,37.7170779999165],[-122.42654400035661,37.71724799974859],[-122.42614000012556,37.71843300000985],[-122.42583499962872,37.71827899976601],[-122.4256060001982,37.71813199997753],[-122.42541200002943,37.71788099987712],[-122.42517699985278,37.71748600013729],[-122.42494199967616,37.717261000225506],[-122.42465600034419,37.7171320001479],[-122.42425999961077,37.71708400026],[-122.42402100013449,37.71710100004617],[-122.4237819997599,37.71716800004343],[-122.4236210001014,37.717251999731566],[-122.42257499998793,37.71786900002938],[-122.42250600039095,37.71791600031021],[-122.42255400007154,37.71795700028891],[-122.42264199993507,37.71803100029697],[-122.42288600033257,37.71809199990241],[-122.4230240004248,37.7181629996478],[-122.42345200004699,37.71870600020441],[-122.42353700043581,37.71895700035202],[-122.4234889998569,37.71943900019572],[-122.42355499997916,37.71966799974049],[-122.42373699955402,37.71982299972257],[-122.42403200000511,37.71992600007687],[-122.42480100010916,37.72002399996363],[-122.42547899997659,37.72023300001418],[-122.42455500006184,37.721647999716865],[-122.42434199962653,37.72194700016492],[-122.42477099997194,37.722172000055615],[-122.42380699987423,37.72369100020334],[-122.42283000025606,37.72394399996846],[-122.42242600002503,37.72404800000324],[-122.42256099974422,37.72438700025065],[-122.42247899972848,37.72440899981064],[-122.42269499963855,37.72492999994786],[-122.42279300044613,37.724904999977255],[-122.42282000021032,37.72496999988331],[-122.42311999978597,37.72489200013132],[-122.42321199984748,37.724865000006766],[-122.42332499982538,37.72513799994459],[-122.42343500032855,37.72540200008298],[-122.42302799972447,37.72551899994029],[-122.42305500038697,37.725584000017975],[-122.42297300037117,37.72560500022765],[-122.42313499985458,37.725997000206455],[-122.42352900003989,37.72589399976772],[-122.42358299956824,37.72602399991835],[-122.4235519996061,37.726115999941754],[-122.42380799969915,37.726237999997295],[-122.42383700001145,37.726336999754885],[-122.42312200033413,37.72727700024705],[-122.42333599969604,37.72779199991734],[-122.4235089999484,37.72820699992245],[-122.42363399962186,37.728040000100705],[-122.42400000021809,37.72821999989703],[-122.42390899998148,37.72834099966023],[-122.4240589997693,37.728412999907015],[-122.42386299995071,37.72867299966274],[-122.42383700001145,37.72875499976799],[-122.42381000024729,37.72884099985015],[-122.42383100016366,37.72909700018106],[-122.42348200018421,37.729118999763],[-122.42339699979539,37.729110999657415],[-122.42331099958167,37.72910300026145],[-122.423227999741,37.72908700004593],[-122.42313099965664,37.72906899979943],[-122.42312800018189,37.72902400022959],[-122.42174200030979,37.72908999973137],[-122.42156999988237,37.72909799983924],[-122.42085900040297,37.729130999919725],[-122.42084900035722,37.728993999790745],[-122.42067600010485,37.72900300027893],[-122.42068799980042,37.72917200008538],[-122.42049100015694,37.72917600013499],[-122.42047799973815,37.72917400011024],[-122.42045599999683,37.72917099971771],[-122.4203680001333,37.729325999707704],[-122.41992999956706,37.72936099970641],[-122.41969199991567,37.73131299965082],[-122.41988400043464,37.73129699991287],[-122.41985000009942,37.73147599998162],[-122.41951399964044,37.7314899997187],[-122.41935600035501,37.731439000308505],[-122.4192700001413,37.7313299997239],[-122.41925699972248,37.73166500011638],[-122.41925599989759,37.731682999731916],[-122.41925099987472,37.73186699981356],[-122.41924400020203,37.7320600002651],[-122.41946400031004,37.7320600002651],[-122.42026100000317,37.7320120001041],[-122.42035800008756,37.7320060002594],[-122.42070000039432,37.73195499978371],[-122.42073700020423,37.73208199967726],[-122.42077099964112,37.73219099986538],[-122.42088899964186,37.73257599967561],[-122.42094999974124,37.732609000337575],[-122.4210729997649,37.732675000196394],[-122.42121699970494,37.73276499984455],[-122.42132700020811,37.73287399973765],[-122.42143599998806,37.73313200025313],[-122.42154499976799,37.733282000337866],[-122.42174499978455,37.73338000031429],[-122.42186399961022,37.733779000351056],[-122.42206399962677,37.734043999826426],[-122.42207700004556,37.7341379997234],[-122.42224600009996,37.734361000346986],[-122.42186100013551,37.734647999941274],[-122.42168700005821,37.73474199978187],[-122.42167600018756,37.73512999997724],[-122.42186100013551,37.73514000000667],[-122.42212100042649,37.73515300018502],[-122.42227200003923,37.735160000061484],[-122.42239900026084,37.73516599965058],[-122.42241599997926,37.73498099966297],[-122.42288299995951,37.73482100010738],[-122.42345899971968,37.73490599995873],[-122.42371399998781,37.73502799974203],[-122.4238949997378,37.73511899965914],[-122.4238880000651,37.735302000153084],[-122.42437599996173,37.73534299974364],[-122.42453400014547,37.73535599988634],[-122.42470300019988,37.73537000031065],[-122.4249309998055,37.73526599983547],[-122.42522600025657,37.73529200014554],[-122.42518400042378,37.73558699980031],[-122.42517699985278,37.73563600005543],[-122.42673099995437,37.735766999722706],[-122.42718500041411,37.7358090000442],[-122.42654500018153,37.736269000043684],[-122.42672199973353,37.73637200026041],[-122.42787400015219,37.73553699994159],[-122.42801700026736,37.73544399997239],[-122.42857299993602,37.73508199967513],[-122.42860700027121,37.73505999973348],[-122.42884300027276,37.73493199968487],[-122.42939100044386,37.73463599996817],[-122.42959999978292,37.73451800001037],[-122.42979899997454,37.73440600022572],[-122.43039599965114,37.73412100029506],[-122.43092799992867,37.73386700018012],[-122.43237200042542,37.73319899995909],[-122.43253499973372,37.733123000266794],[-122.4328729998425,37.73296700009319],[-122.43344299975489,37.73270400024495],[-122.43429899989755,37.732310999919434],[-122.43491400001581,37.732038000135994],[-122.4350610003289,37.731965000241956],[-122.43542500037695,37.73178599993434],[-122.4358920003572,37.73157699980165],[-122.4361330003816,37.73147000009346],[-122.43644999967572,37.7313330000289],[-122.43701200009049,37.73111800012189],[-122.43819100027333,37.73069799977492],[-122.4385410000777,37.73056800001361],[-122.43955799987886,37.73019099969944],[-122.43959700023692,37.73017699971677],[-122.43980099955309,37.7301009997647],[-122.440101999852,37.72987799981025],[-122.44025599983777,37.72982000033019],[-122.44078100044266,37.729605000293134],[-122.44113500044497,37.72946000026266],[-122.44122999998122,37.72942300029273],[-122.44180099971852,37.729201999741676],[-122.44196999977292,37.729136000339714],[-122.44272200015851,37.7287940001068],[-122.44307500033592,37.728633999970704],[-122.44366399961658,37.72830399984173],[-122.44370700017261,37.72830399984173],[-122.444277000085,37.72826200023652],[-122.44428399975767,37.72909399978541],[-122.44429100032868,37.729897000218045],[-122.44429800000138,37.73070799969245],[-122.44429499962834,37.73107000006072],[-122.44429999965121,37.73151799989534],[-122.44430200019933,37.731604999945446],[-122.44475199956284,37.731602999986244],[-122.44475199956284,37.731515000308306],[-122.44475199956284,37.731424999851306],[-122.444749999913,37.731110999863304],[-122.44483600012674,37.731110999863304],[-122.44483799977655,37.73128500010709],[-122.44492399999028,37.73128500010709],[-122.44492300016536,37.73107599998124],[-122.4450090003791,37.73107599998124],[-122.4450090003791,37.73111000023225],[-122.44561399955327,37.73110800025973],[-122.4456150002765,37.73114199978557],[-122.4457009995919,37.73114199978557],[-122.4457009995919,37.73110699991821],[-122.44613300031037,37.731106000287106],[-122.44613300031037,37.73113999981391],[-122.4461509998537,37.73113999981391],[-122.4461519996786,37.731271999960136],[-122.44626899985448,37.73127700023554],[-122.44657699982605,37.7312779998643],[-122.44657900037419,37.73146200024185],[-122.44657900037419,37.73150099986549],[-122.44658000019908,37.73159700010842],[-122.44686600042937,37.731593999814066],[-122.44686399988123,37.731504999789294],[-122.44685800003344,37.73113700021152],[-122.44703100028582,37.731135999870396],[-122.44703100028582,37.7311020003418],[-122.44737699989221,37.73110100000015],[-122.44806800017845,37.73109799968574],[-122.44841399978485,37.73109700005457],[-122.44841399978485,37.73113100029594],[-122.44886300022172,37.73112900032393],[-122.44896600015389,37.73112900032393],[-122.4492769996002,37.73112700035193],[-122.44927599977528,37.731058999849914],[-122.44997100025945,37.73105600024424],[-122.4499729999093,37.7310910001357],[-122.45034899965293,37.73108900016267],[-122.45069400033275,37.73108700018952],[-122.45069500015764,37.73112200006638],[-122.45103999993914,37.73112000009414],[-122.45114399969623,37.73112000009414],[-122.45124599980348,37.73112000009414],[-122.45159200030821,37.73111800012189],[-122.45159200030821,37.731083999874556],[-122.4519379999146,37.731083000243196],[-122.45280199955488,37.73107900029659],[-122.45280199955488,37.731112999835744],[-122.45297499980722,37.731112999835744],[-122.45297700035536,37.73148599979409],[-122.45333100035771,37.73148599979409],[-122.45341099982534,37.731491999680905],[-122.45341099982534,37.731530999999165],[-122.45341099982534,37.731568000336786],[-122.45358200042786,37.73155799982493],[-122.45467399967377,37.731534999921344],[-122.45483299968242,37.73151599993384],[-122.45492100044429,37.73149499997939],[-122.45577099984085,37.73139600001231],[-122.45661500028794,37.73123399984527],[-122.45748200030127,37.731045999663216],[-122.45746700023264,37.73094800015001],[-122.4575269996088,37.73088400015139],[-122.45751499991322,37.730783999732026],[-122.45744600031624,37.73068799985604],[-122.45789900005278,37.730754000006186],[-122.45822299991788,37.73077700015236],[-122.4584720003382,37.73075299965989],[-122.45868900007319,37.730752000024005],[-122.45919299986335,37.73060300013573],[-122.45935199987201,37.730516000329395],[-122.4595639995841,37.730368999958785],[-122.4597309999887,37.7304979997197],[-122.45983200027105,37.73044599998632],[-122.45991299956357,37.730398999840645],[-122.46001999969369,37.7303270001038],[-122.46038000044214,37.72996699965915],[-122.46036000035063,37.72880900001301],[-122.46037000039638,37.728739000187794],[-122.46038000044214,37.728671000334856],[-122.4603789997189,37.728389000069384],[-122.4607250002236,37.72835099989605],[-122.4607250002236,37.728269999723324],[-122.46079700019364,37.72824399978943],[-122.46112799973143,37.728122999867736],[-122.46143999990097,37.72796600014442],[-122.46169400034418,37.72785000027528],[-122.46194600023928,37.727769000265084],[-122.46218600043878,37.72772100016459],[-122.46219700030943,37.72733399990537],[-122.46220999982991,37.72686499977964],[-122.46220399998211,37.72625400011782],[-122.46215499957832,37.725370000180945],[-122.46219899995927,37.7252929998492],[-122.46226400025657,37.72521100017388],[-122.4622790003252,37.724865999722056],[-122.46227599995214,37.72427099974955],[-122.46227400030233,37.72363699977925],[-122.46227099992927,37.72302099965573],[-122.46243099976284,37.723008999929995],[-122.46265500006884,37.72294800011012],[-122.462793999986,37.72283700033232],[-122.46277999974228,37.72177300000819],[-122.46268299965791,37.72169199974684],[-122.46266299956643,37.72000400008428],[-122.46266900031254,37.71992399980227],[-122.4626390001753,37.71821100025784],[-122.46264000000022,37.717936000042656],[-122.46263300032754,37.71742100005924],[-122.46262499993162,37.71657099969338],[-122.46261999990875,37.71614399974043],[-122.46261499988586,37.71561900026963],[-122.46260800021317,37.714883999735115],[-122.46260200036541,37.714308000027096],[-122.46258899994662,37.71402999995258],[-122.4625549996114,37.713904000234834],[-122.46256899985511,37.713150000018246],[-122.46258100044898,37.71252299997807],[-122.46258100044898,37.712273999833414],[-122.46256999968003,37.71136999998646],[-122.46255600033464,37.71125399971088],[-122.46240499982358,37.711192000261],[-122.46236200016587,37.71117499982968],[-122.46190100003344,37.71097399974326],[-122.4613229997251,37.710793000061614],[-122.46102899999724,37.710665000000255],[-122.46085800029302,37.71058600020181],[-122.4611600004168,37.71058399967508],[-122.46234700009725,37.71057000025036],[-122.46256100035751,37.710566999814894],[-122.46347500022647,37.710556000112355],[-122.46417599966013,37.71054800013385],[-122.46437200037701,37.71052600001075],[-122.46476700038723,37.71048199974503],[-122.46493899991638,37.71043600034377],[-122.46599400025067,37.71015400030034],[-122.46620299958973,37.7100679998417],[-122.46679199976869,37.70982600011456],[-122.46716199966455,37.70963399992147],[-122.46721000024343,37.709604000157306],[-122.46771800023154,37.70928199993383],[-122.46815599989947,37.70893599998823],[-122.46847399991678,37.70868500000467],[-122.46893900024719,37.70823200023836]]]}},{"type":"Feature","properties":{"zipcode":"94114"},"geometry":{"type":"Polygon","coordinates":[[[-122.4536689995682,37.75755599990619],[-122.4537690000256,37.75746799983072],[-122.45361699968964,37.756948999952165],[-122.45353399984899,37.756819000125326],[-122.45334499970309,37.756698000032],[-122.45317399999888,37.75668800007414],[-122.45252899974338,37.75702900000523],[-122.4523730001078,37.75706799965351],[-122.45222800034283,37.75703399996126],[-122.45214200012911,37.75692200015442],[-122.45212600023557,37.75665900018873],[-122.45191899964802,37.75667000014662],[-122.4511079997112,37.756713999961796],[-122.4501839997965,37.756760999735505],[-122.44832199972333,37.75685599989711],[-122.44819299985191,37.756819000125326],[-122.44815400039217,37.75682100011345],[-122.44778899962085,37.75683999999808],[-122.44711900014936,37.756874999772755],[-122.44703299993564,37.756755999760976],[-122.44695000009494,37.75654999980738],[-122.4459459998143,37.75641299999296],[-122.44584899972992,37.75642499998683],[-122.44564600023864,37.75644899996873],[-122.44528300001548,37.756572999751334],[-122.44502600009751,37.75661200035023],[-122.44476300033182,37.75655799978866],[-122.44454499987359,37.75642999998368],[-122.44450100039099,37.7563739999994],[-122.44448499959914,37.75635399999472],[-122.44438500004003,37.75640199999681],[-122.44437499999427,37.756421999988504],[-122.44435699955262,37.75645599996201],[-122.44435499990279,37.75650299989963],[-122.44440699978134,37.7565679997641],[-122.4448200002332,37.75680800018959],[-122.44510599956516,37.756960999859096],[-122.44497900024186,37.75720399968652],[-122.44496400017326,37.75727300030747],[-122.4448119998373,37.75725299983561],[-122.44469600038465,37.75722400017163],[-122.44393300012841,37.75670699999293],[-122.44411899990124,37.756575999743475],[-122.44395099967176,37.756306999962455],[-122.44365000027118,37.755827000054026],[-122.4436379996773,37.755631999756496],[-122.44363299965444,37.755561999724684],[-122.44361699976092,37.755490000312776],[-122.44355300018681,37.75531000005601],[-122.44299900016793,37.75542700023725],[-122.44293100039587,37.75547900017944],[-122.44289600023576,37.7555579996803],[-122.44281800041799,37.755603000167355],[-122.44296900003071,37.75577999968696],[-122.44223900028476,37.756218999821755],[-122.4424469997989,37.75647099994531],[-122.44237900002683,37.756511999884275],[-122.44227299972161,37.75657499974612],[-122.44222000001818,37.75663900026105],[-122.44224400030761,37.756754999766045],[-122.44191899971929,37.75663700026801],[-122.44159999987708,37.75659699968522],[-122.44152799990705,37.756586999713704],[-122.44142699962468,37.756645000239935],[-122.44120599969176,37.75674899979614],[-122.44115499963816,37.75668300009473],[-122.44107199979747,37.756720999929996],[-122.44102499994177,37.75664800022916],[-122.44098499975883,37.75666700015823],[-122.44093799990317,37.75660099967348],[-122.44102900013978,37.756559999783896],[-122.44094399975096,37.75651099988604],[-122.44087000013108,37.75647299994291],[-122.44100099965236,37.75640299999657],[-122.4410330003377,37.75631799997267],[-122.44099900000253,37.75621799981956],[-122.44089900044341,37.756245999876015],[-122.44063699960428,37.75630599996145],[-122.44060200034248,37.755887999775645],[-122.44089299969733,37.75540799998972],[-122.44120499986687,37.754809999649176],[-122.44132299986762,37.75458200013743],[-122.4414119995561,37.754437000020125],[-122.44142699962468,37.75437099967671],[-122.44152299988416,37.754175999803124],[-122.44163099983922,37.75405699971154],[-122.44177700032739,37.75389300005947],[-122.44179900006868,37.75390100032812],[-122.44205799963646,37.75366499985262],[-122.44214700022323,37.75352300018493],[-122.44188600010735,37.75336500030438],[-122.44205699981157,37.753070999808415],[-122.44223900028476,37.75282999999694],[-122.44249299982962,37.75260700032101],[-122.44252499961671,37.752379999756734],[-122.44270399971685,37.75237700030466],[-122.44284699983197,37.7523750001964],[-122.44299099977201,37.75180799999311],[-122.44306199991713,37.75152799991233],[-122.44321300042817,37.75093499983262],[-122.44325500026096,37.750769000211754],[-122.44342099994235,37.750099000336526],[-122.44344100003383,37.75001500025919],[-122.44355300018681,37.74944299997078],[-122.44370399979952,37.74917700011864],[-122.44409299996198,37.748685000297016],[-122.44426700003925,37.7483799999057],[-122.44422100000848,37.748030999697356],[-122.44415800025929,37.747790999923915],[-122.44417199960469,37.747555999968725],[-122.4442920001536,37.747308999927824],[-122.44442600004793,37.747174000299005],[-122.44462000021667,37.74708100003262],[-122.44473999986727,37.747044999760654],[-122.44485700004314,37.74702500007553],[-122.44485299984517,37.74699200015706],[-122.4448469999974,37.74694499986038],[-122.44483799977655,37.74692000021933],[-122.44478300042329,37.74677100019474],[-122.44460299959991,37.7466830000775],[-122.44455599974425,37.746686999891345],[-122.44409499961179,37.74672200020693],[-122.44396099971749,37.746765000125535],[-122.44316200037457,37.7475040001408],[-122.44258400006623,37.74807900012685],[-122.44251899976892,37.748182999648485],[-122.44191700006948,37.74847400006713],[-122.44155499967121,37.74857099971566],[-122.44140800025644,37.748610000270766],[-122.44069299968078,37.74863899975957],[-122.43971799971244,37.748649000095],[-122.43885800027012,37.74865899971883],[-122.43824599962663,37.74866500034479],[-122.43819000044842,37.748087000313795],[-122.43808699961797,37.74810000034939],[-122.43780399976073,37.748117000119244],[-122.43781800000444,37.74825399966819],[-122.43644100035318,37.7483370002152],[-122.43640299982005,37.74793799979761],[-122.43599000026649,37.74796299980503],[-122.43557400033988,37.74798799980406],[-122.43561000032491,37.74838599984397],[-122.43422699992755,37.74847000034987],[-122.4341969997903,37.74815700031451],[-122.43392499980374,37.74817299996034],[-122.43376900016814,37.74809700001356],[-122.43335300024154,37.74812099985564],[-122.43339500007433,37.74852100010311],[-122.43195499977557,37.74860400035061],[-122.43191200011785,37.74820700017299],[-122.43155700029061,37.74822899975907],[-122.43131399971807,37.74824299987971],[-122.43134700022834,37.748569000214786],[-122.43117300015106,37.748578999849414],[-122.43117999982374,37.748650000199504],[-122.4302550000841,37.748706000347575],[-122.42979999979946,37.74873399969542],[-122.42978700027896,37.74859600021956],[-122.42976800001237,37.74859700032477],[-122.42976299998953,37.74854499980768],[-122.42972299980656,37.74854700001947],[-122.4297119999359,37.74842700000134],[-122.42970600008812,37.748339999830975],[-122.42934600023801,37.74836200008783],[-122.42892600011345,37.74838699995207],[-122.42896299992337,37.74878700018233],[-122.42758100024925,37.74887000013149],[-122.42754299971608,37.74847000034987],[-122.42712299959153,37.74849600028414],[-122.42695000023748,37.74850599992864],[-122.42673000012945,37.74851899989062],[-122.42674600002297,37.748749999926815],[-122.42665899998437,37.74875599983513],[-122.426677000426,37.74892700021385],[-122.42552099980938,37.74899600003044],[-122.42543499959564,37.74900199991881],[-122.42546599955777,37.74931399983614],[-122.42532099979282,37.749321999889574],[-122.42533099983858,37.74940900032602],[-122.42535099993006,37.74949700004296],[-122.42536000015087,37.74958900002256],[-122.42549800024315,37.74957999990608],[-122.42554900029678,37.75011300010333],[-122.42557799971075,37.75019800015299],[-122.4256070000231,37.750286000352254],[-122.4256339997873,37.7505629999249],[-122.42564700020608,37.75069899984074],[-122.42557799971075,37.75070400022456],[-122.42559799980226,37.75091300034072],[-122.4256200004419,37.751008000198354],[-122.42563799998524,37.751087000211335],[-122.42566800012247,37.75139899986105],[-122.4256279999395,37.751402000063045],[-122.42563999963505,37.75147499996806],[-122.42565300005384,37.75161100033852],[-122.42554000007594,37.7516180000792],[-122.42556600001521,37.75181699983861],[-122.42579399962085,37.75180299968385],[-122.42586499976596,37.75259300031573],[-122.42589099970523,37.75259100021329],[-122.42592900023838,37.752990999736966],[-122.42581999956012,37.75299800005743],[-122.4258310003291,37.75310699998988],[-122.42580399966658,37.75310900007836],[-122.42583299997891,37.75339800022185],[-122.42594500013192,37.7533919999797],[-122.42602200012479,37.75419400033747],[-122.42545999971001,37.754208000039824],[-122.42552900020529,37.754945000262516],[-122.42553199968005,37.75502500035185],[-122.42554500009884,37.75511699985051],[-122.4255500001217,37.75518100020629],[-122.42568200036617,37.75517800015758],[-122.42601000042924,37.75515799982959],[-122.42601700010192,37.75523000027479],[-122.42612000003409,37.75522400018121],[-122.42613299955457,37.7553549999837],[-122.42622200014134,37.75629199994584],[-122.42611900020917,37.756297999952864],[-122.4261490003464,37.75659899967941],[-122.42568700038906,37.756627000301904],[-122.42553199968005,37.75663600027146],[-122.42560399965008,37.75743500030813],[-122.4256849998409,37.75823200028786],[-122.42574799959009,37.75903599995269],[-122.42583600035196,37.75983500034533],[-122.42598299976673,37.761433000096254],[-122.4260709996303,37.76220600008528],[-122.42610400014055,37.762631000199384],[-122.42613699975252,37.76303599967327],[-122.42629800030932,37.763026999772165],[-122.42679200005374,37.76299599970994],[-122.42680200009949,37.76307700023463],[-122.42681499961995,37.763211999965066],[-122.42683499971146,37.76341500011644],[-122.42684899995514,37.763541000101554],[-122.42689099978793,37.76385600019049],[-122.42652000006717,37.7639180002912],[-122.42639799986843,37.763948999966985],[-122.42624600043081,37.763978999732544],[-122.42629300028645,37.764651000096755],[-122.42644300007427,37.764641999682055],[-122.42675600006874,37.764621999782264],[-122.4267679997643,37.76473200022926],[-122.42679600025168,37.764963999951185],[-122.42713600001032,37.764921999841185],[-122.42714900042911,37.76503199984194],[-122.42764399999844,37.765006000037324],[-122.42770400027288,37.7656429997214],[-122.42732799963093,37.765682999673466],[-122.42738200005762,37.765925000093695],[-122.42710800042121,37.76594399977036],[-122.42712699978951,37.766143999920516],[-122.426817999993,37.766161999673145],[-122.42682899986366,37.766250000057745],[-122.4268399997343,37.76633699976213],[-122.42686400002374,37.76658300033128],[-122.42712299959153,37.766566999695605],[-122.4271279996144,37.76662500020809],[-122.42721399982811,37.76662000019021],[-122.42729300036918,37.76744099987849],[-122.42720700015543,37.76744599984092],[-122.42723999976738,37.767832999881165],[-122.42786499993137,37.767792999671755],[-122.42848699972228,37.76774699965275],[-122.42865699960161,37.76773500007531],[-122.4286349998603,37.76784599999784],[-122.42746200042356,37.7687700001415],[-122.42694799968936,37.769175000083415],[-122.42655500022728,37.76948499978517],[-122.4264020000664,37.76959599992131],[-122.4266840000987,37.769534000320014],[-122.42821999975861,37.76944099975546],[-122.42827500001019,37.76970100026135],[-122.42842599962295,37.770451999685925],[-122.42922499986419,37.770350999656934],[-122.42914600022146,37.769560999774804],[-122.42912799977981,37.769455999946025],[-122.42990600010468,37.7694079998935],[-122.43024699968821,37.7693919998691],[-122.43135700027408,37.76932100025145],[-122.43156999981109,37.76930699985876],[-122.43246399958858,37.76924999985556],[-122.43357199962631,37.76917800027458],[-122.43489300009941,37.76911399995706],[-122.4357940004479,37.76905800034383],[-122.43562399967026,37.767328000354205],[-122.4364780001631,37.76727499965688],[-122.43729900014567,37.76722200034182],[-122.4378289998751,37.76718400022],[-122.43781800000444,37.7670970000918],[-122.43777799982146,37.766597999681345],[-122.43787900010382,37.766611000015125],[-122.43821999968733,37.76670100029659],[-122.43829099983245,37.76672599964518],[-122.438386000267,37.766665000339174],[-122.43855500032141,37.76629700016378],[-122.43950199980236,37.76657599987609],[-122.43961599960518,37.766601999838905],[-122.43991299970612,37.76685199967065],[-122.44085699971232,37.766143999920516],[-122.44079700033616,37.766094000111224],[-122.44092299983454,37.766000000321405],[-122.4409820002841,37.76605000019425],[-122.44117100042997,37.76590900002581],[-122.44149899959471,37.765662000180654],[-122.44168799974062,37.765520999982634],[-122.44170600018228,37.76553600025818],[-122.44202199965146,37.76554300010173],[-122.44202099982654,37.76557299993082],[-122.44245299964668,37.76558499985905],[-122.44271299993767,37.76558900007141],[-122.44272200015851,37.76539499981993],[-122.44271899978546,37.76533300024723],[-122.44321099988004,37.76534000010993],[-122.44334700032248,37.76533300024723],[-122.44345299972937,37.765240999960795],[-122.44347000034614,37.76485600033034],[-122.44365600011898,37.76490600026646],[-122.44365100009608,37.7648539998493],[-122.44358599979878,37.764387999914206],[-122.44352300004957,37.76432299981942],[-122.44347299982086,37.764313000182156],[-122.44344100003383,37.764234000088685],[-122.44349000043762,37.76415499991083],[-122.44327899965211,37.764114999842505],[-122.44329100024598,37.76396399985125],[-122.44304900039664,37.7639180002912],[-122.44294999976412,37.76391599978478],[-122.44295099958906,37.763678000208124],[-122.44338499995732,37.76348100020301],[-122.44337800028464,37.76364100029768],[-122.44395400004481,37.76365500034276],[-122.44395999989257,37.7635159996763],[-122.44415400006135,37.763520999904046],[-122.44415999990912,37.76338799983806],[-122.44429700017649,37.763389999648595],[-122.4444190003752,37.76327100017493],[-122.44434200038233,37.76321800012094],[-122.44495099975445,37.76263800031781],[-122.4449809998917,37.76265899995906],[-122.44503699996818,37.76260600017671],[-122.44505200003681,37.76261699996047],[-122.44516500001471,37.76251300013186],[-122.44513999990035,37.76249500020128],[-122.44524600020553,37.76237699991684],[-122.44527799999261,37.76239900026098],[-122.44538000009983,37.76228700005478],[-122.44521699989325,37.76217800015411],[-122.44531499980253,37.7620639997669],[-122.44549499972759,37.762183999683735],[-122.44547600035932,37.762024999911816],[-122.44566399978198,37.76199500006395],[-122.44568899989633,37.76225299992056],[-122.44581500029305,37.762133000115725],[-122.4460229998072,37.762122000259986],[-122.44618600001381,37.762113000247666],[-122.44615900024962,37.76182899969141],[-122.44638400038052,37.76181599993743],[-122.44678299969038,37.76178099965971],[-122.44723499960199,37.76175600005993],[-122.44722799992931,37.76166800000953],[-122.44717100002788,37.76138900024712],[-122.44708499981417,37.76139399990847],[-122.44702899973767,37.761121000148734],[-122.44656199975745,37.76114799983428],[-122.44654900023694,37.76111800034089],[-122.44643399971093,37.76100700026303],[-122.44699000027795,37.760972000312684],[-122.44697500020932,37.760884999978884],[-122.44691999995771,37.76061299970371],[-122.44700699999638,37.76060700004666],[-122.44695299956969,37.760170000281654],[-122.44715699978417,37.759660999741605],[-122.4472289997542,37.759573999996434],[-122.44739500033387,37.75937299987557],[-122.44768200038905,37.759189999947786],[-122.44807999987401,37.7590910000892],[-122.44853500015867,37.7590450003394],[-122.44855400042525,37.759317999948735],[-122.44863100041815,37.75931500006779],[-122.4492349997674,37.75928000002707],[-122.44923300011759,37.75925199969851],[-122.4513599996063,37.759132999959306],[-122.45148099998012,37.75912800014509],[-122.4513670001773,37.758576000115156],[-122.45204800041776,37.7583440002421],[-122.45211700001475,37.758325000033516],[-122.45229799976474,37.75827699985868],[-122.45244599990272,37.758226999702586],[-122.45255100038301,37.758191999857324],[-122.45283500006516,37.75809699999089],[-122.45289500033962,37.75806300006134],[-122.453317000114,37.75782000021465],[-122.4535940001234,37.75762200024917],[-122.4536689995682,37.75755599990619]]]}},{"type":"Feature","properties":{"zipcode":"94115"},"geometry":{"type":"Polygon","coordinates":[[[-122.44816500026283,37.79142900032299],[-122.44811800040716,37.791195000107535],[-122.44801999959955,37.79120700013664],[-122.44798399961452,37.79103099975148],[-122.44777899957512,37.79105700034301],[-122.44773099989456,37.790793000136986],[-122.44750099974078,37.790822999659355],[-122.44744899986222,37.79055600000369],[-122.44798299978963,37.79048899969936],[-122.44792400023839,37.790211000320085],[-122.44778600014614,37.79022800035043],[-122.44775900038195,37.790093000252],[-122.44736900039462,37.79014600020964],[-122.44733000003656,37.789940999814434],[-122.44714799956336,37.78907099975625],[-122.4469740003844,37.78818600016685],[-122.44679299973612,37.787261999884045],[-122.44661000033632,37.786301999781394],[-122.44684899981263,37.78618700007153],[-122.44753400025104,37.78541099991342],[-122.44760500039615,37.78527600024411],[-122.4476220001146,37.78519499989819],[-122.44761999956647,37.78508399975329],[-122.44642200001536,37.78536999966654],[-122.44624700011319,37.78443799986749],[-122.44603299985293,37.78350899999434],[-122.4459099998293,37.782916999645884],[-122.44582600016368,37.78251199972081],[-122.44580299969915,37.78251300007748],[-122.44571099963765,37.78251799973064],[-122.44444100011653,37.78267799981297],[-122.4444310000708,37.78256999979543],[-122.44383100002116,37.781872000135834],[-122.44426200001638,37.78177599979113],[-122.44461000017094,37.781638000186504],[-122.44494599973159,37.78147399992003],[-122.44528300001548,37.781360000169826],[-122.44558400031437,37.78132099984121],[-122.4455089999713,37.78088099993308],[-122.44547700018424,37.78073400020139],[-122.44544000037432,37.78012500012584],[-122.44619699988445,37.78003099971264],[-122.44628899994598,37.77995800029878],[-122.44628399992311,37.77975099996395],[-122.44622799984661,37.7794319999594],[-122.44616699974723,37.77919100012475],[-122.44576300041449,37.77924400009095],[-122.44575699966842,37.77921200003552],[-122.44539500016849,37.77925899971277],[-122.44534699958957,37.77883699981789],[-122.44515599979387,37.777887000266794],[-122.44496699964799,37.77695799970864],[-122.44465799985149,37.77699599977778],[-122.44464000030817,37.77690099992328],[-122.44458500005656,37.776629000329834],[-122.44441099997928,37.776651999710275],[-122.44439099988782,37.77654999990275],[-122.44370700017261,37.7766370002695],[-122.443728000089,37.77673800023228],[-122.44355700038479,37.776759999854335],[-122.44357099973016,37.776828000258554],[-122.44337800028464,37.776852000010365],[-122.44341599991945,37.77703699969973],[-122.4432999995685,37.77706100009374],[-122.44318400011588,37.77708600020001],[-122.44301500006148,37.777106999998786],[-122.44296099963479,37.776836000176694],[-122.44278900010568,37.77685799976959],[-122.44276800018925,37.77675600024629],[-122.44217099961436,37.77683199986271],[-122.44219800027686,37.7769679997661],[-122.44211299988804,37.77697900025377],[-122.44213999965223,37.77711400016705],[-122.44180900011445,37.777155999742625],[-122.44164099988492,37.77719099984413],[-122.44147299965547,37.777225999929],[-122.44145199973907,37.77712200005424],[-122.44127699983687,37.77714499999134],[-122.44125799957033,37.777051999769384],[-122.44101300024623,37.77708400004981],[-122.44099200032983,37.77698200012829],[-122.44035999959483,37.77706199981413],[-122.44038200023446,37.77717099978814],[-122.44026300040878,37.77718599983066],[-122.44027000008145,37.777220999917894],[-122.44018399986774,37.77723199965787],[-122.44024699961693,37.77755800005223],[-122.44002700040723,37.777587000263786],[-122.43989299961461,37.77750399987279],[-122.43963700041989,37.77753699967159],[-122.43956200007683,37.77716400033531],[-122.43897200007295,37.7772389998143],[-122.4388780003616,37.777250999979486],[-122.43889799955478,37.77734899995394],[-122.43870799958398,37.77737300024664],[-122.4387429997441,37.77755200034982],[-122.43839700013767,37.77760099979871],[-122.43827699958877,37.77761799988978],[-122.43819000044842,37.77762999999344],[-122.43820700016687,37.777718000220744],[-122.43784399994374,37.77776399971699],[-122.43777000032388,37.77739100010604],[-122.43708700043356,37.77747800019311],[-122.43709999995404,37.77754599993688],[-122.43688200039416,37.77757399972965],[-122.43690199958732,37.777674000120186],[-122.43687999984603,37.77767699996651],[-122.43694000012049,37.77797500018821],[-122.43669700044623,37.77800599965144],[-122.43663700017177,37.77771300024291],[-122.43661999955503,37.77763099970614],[-122.43650300027745,37.77765400019492],[-122.43602999955115,37.77771399995454],[-122.43600899963475,37.777612000192185],[-122.43554000000466,37.77767199998589],[-122.43556000009617,37.77777399966542],[-122.43521899961434,37.77781699999633],[-122.43524100025394,37.777926000277134],[-122.43500000022952,37.77795300021769],[-122.43487700020586,37.7779669996833],[-122.43481399955836,37.77765999988905],[-122.43448100037075,37.77770300028623],[-122.43447600034789,37.777676000254424],[-122.43433900008053,37.77769300032819],[-122.4343650000198,37.77782199996713],[-122.43378500006168,37.777895999779446],[-122.43386899972725,37.778363000206205],[-122.43340699976989,37.77842199968839],[-122.43283500020769,37.77849499990911],[-122.43235999983152,37.77855499969617],[-122.43176300015494,37.77863200000233],[-122.43087699987504,37.778745000002175],[-122.43064599989637,37.77877399974806],[-122.43011500034204,37.7788419997197],[-122.43001800025766,37.77835600015622],[-122.42985599987597,37.77837899970939],[-122.42849799959295,37.77857000016783],[-122.428536999951,37.77876199983012],[-122.4281849995985,37.778810000200274],[-122.42728099977528,37.77893200002457],[-122.42732000013334,37.77919500031107],[-122.42682899986366,37.7792580000221],[-122.42690000000874,37.779611000046884],[-122.42701700018462,37.7801930002747],[-122.42720299995746,37.781117000190115],[-122.42731199973741,37.781651999664234],[-122.42739600030134,37.78205700004174],[-122.42749099983756,37.782523000093455],[-122.42758399972398,37.782985999706355],[-122.42777899971766,37.783925000299924],[-122.42779700015932,37.78401100016998],[-122.42797200006149,37.78487099975658],[-122.42800899987141,37.78505799989988],[-122.4281479997886,37.78578400023151],[-122.42824099967501,37.786247000004195],[-122.42833600010957,37.78671299990546],[-122.42852500025545,37.78765099971476],[-122.42855299984456,37.78779100002149],[-122.42843800021681,37.787819999767876],[-122.42815500035958,37.78785699964808],[-122.42831500019317,37.78862700016569],[-122.42871199985319,37.78857699994234],[-122.42890500019705,37.789534000232415],[-122.4290919997948,37.790459000041444],[-122.42927000007003,37.79133900032782],[-122.42944699962204,37.79221700033136],[-122.42962499989727,37.793097999770126],[-122.4298039999974,37.793976999658746],[-122.42998899994534,37.79489500002206],[-122.43006500011332,37.79527300023844],[-122.43010399957309,37.79546300015769],[-122.43021999992405,37.795444000258726],[-122.43058800017005,37.795397000226174],[-122.43069000027731,37.79538399998535],[-122.4306760000336,37.795311000119426],[-122.4312740004334,37.7952340001535],[-122.43127899955796,37.79526100015989],[-122.431394000084,37.795246999710855],[-122.43138900006113,37.795219000224556],[-122.4317330000177,37.79517499989483],[-122.43185000019358,37.7951599999539],[-122.43231999964857,37.795100000159735],[-122.43234599958781,37.79522600009715],[-122.43281400029129,37.795158000292815],[-122.43279000000183,37.795040000316845],[-122.43292499972104,37.79502299997389],[-122.43291100037564,37.79495300031608],[-122.43324199991345,37.79491000001679],[-122.43335700043949,37.79488500026052],[-122.43337400015793,37.79496999996526],[-122.43346899969416,37.79543500004338],[-122.43432499983685,37.795326000029696],[-122.43425500041495,37.79496000021388],[-122.43454400011997,37.79492300034102],[-122.43451800018067,37.794794000025576],[-122.43463799983127,37.79477900000729],[-122.4346460002272,37.79482100019278],[-122.43490399997008,37.79478800030255],[-122.43488100040383,37.79467300031179],[-122.43499799968139,37.79465700007667],[-122.43511499985725,37.79464200003058],[-122.4352599996222,37.79462299992047],[-122.43526700019322,37.79465700007667],[-122.43539900043768,37.79464099983809],[-122.43541299978308,37.79470799992671],[-122.43607599958189,37.794624000113195],[-122.43655000013314,37.79456399988373],[-122.4365199999959,37.794416999683435],[-122.43663600034685,37.794398000225335],[-122.43675400034762,37.79438499980871],[-122.43693000007474,37.794362999753744],[-122.43695900038703,37.79450499979986],[-122.43801800002097,37.79437099990354],[-122.43801499964793,37.79435500031289],[-122.4381860002505,37.79433300024899],[-122.4381669999839,37.79424200004395],[-122.43828499998469,37.79422999979794],[-122.43840299998546,37.79421800025986],[-122.43887199961551,37.79415799970061],[-122.43889300043023,37.79426000005439],[-122.43908099985288,37.7942360002761],[-122.43909099989861,37.794286999706934],[-122.43937299993095,37.794250999694796],[-122.43936999955787,37.79423399988018],[-122.43958999966591,37.79420600000989],[-122.43957600032051,37.794136000287914],[-122.43959499968878,37.794133999889226],[-122.43957100029765,37.79401400000537],[-122.43980099955309,37.7939849998504],[-122.43977600033706,37.79385799972303],[-122.43989299961461,37.79384600012448],[-122.4400120003386,37.79383300032061],[-122.44031100008935,37.793794999679406],[-122.44046599990006,37.79454400026963],[-122.44086799958295,37.794493000306446],[-122.4412729996389,37.7944410001128],[-122.44121699956243,37.79416599987266],[-122.441159999661,37.793882000333944],[-122.44145799958683,37.79384399971795],[-122.44159999987708,37.79383200011717],[-122.44174200016728,37.79381900031084],[-122.4419129998715,37.79379700008727],[-122.44192999958995,37.79388100013117],[-122.44213499962936,37.79385499982358],[-122.44304600002361,37.79373900030543],[-122.4431720004203,37.79372299986808],[-122.44328899969784,37.793704000231514],[-122.4433840001324,37.79417299984497],[-122.44363000017971,37.794140999864574],[-122.44361000008823,37.79404799973196],[-122.44353499974514,37.79367699965604],[-122.44482199988303,37.79350999992654],[-122.44494099970872,37.793497000063546],[-122.44505799988457,37.79348400019821],[-122.4453900001456,37.79344199996254],[-122.44542699995552,37.79362199968909],[-122.44589300011084,37.793549000211726],[-122.44585899977565,37.79337900027412],[-122.4460029997157,37.79336100004903],[-122.44619000021176,37.79333999989919],[-122.44637500015969,37.79331700003247],[-122.44652400012261,37.793336999978706],[-122.44644600030477,37.792810999733604],[-122.44634400019756,37.79216399972958],[-122.44647300006899,37.79214100020667],[-122.44772000002389,37.7918939999714],[-122.447679000016,37.79170299986997],[-122.44801999959955,37.79165900028581],[-122.4479879998125,37.79145099983188],[-122.44816500026283,37.79142900032299]]]}},{"type":"Feature","properties":{"zipcode":"94116"},"geometry":{"type":"Polygon","coordinates":[[[-122.50834700030845,37.74895899987942],[-122.5084629997611,37.74891499971413],[-122.50682400016902,37.73622099976958],[-122.5067959996816,37.73562600009299],[-122.5067959996816,37.7355589997415],[-122.50667000018322,37.735566000290014],[-122.50652100022032,37.73557199984628],[-122.50613500043092,37.73557100027545],[-122.50537999967229,37.735566000290014],[-122.50526199967152,37.73556500000872],[-122.50515299989156,37.73556500000872],[-122.5041849995959,37.73555800017055],[-122.5032189998484,37.73555100033167],[-122.50311000006846,37.73555199990277],[-122.50299500044072,37.73555500003669],[-122.5025579996994,37.735556999889155],[-122.50203100034302,37.735515000135145],[-122.50159500032494,37.73543799969537],[-122.50117900039832,37.735342000169766],[-122.50104100030607,37.73530000029379],[-122.5009020003889,37.73525299967697],[-122.50049300013498,37.735104999897764],[-122.50006299996467,37.73490499966851],[-122.49923899960905,37.734454000255695],[-122.49913900004996,37.73440400034222],[-122.49903299974474,37.73435899975182],[-122.49860599994747,37.734185999927114],[-122.49803100001222,37.734026999666],[-122.49748700003909,37.733925000042596],[-122.49685600002732,37.73386700018012],[-122.49656399994927,37.73385599967437],[-122.49644900032156,37.73387699966968],[-122.49440300012539,37.73395999999887],[-122.49394199999293,37.733980999964686],[-122.49378399980918,37.7339890002546],[-122.49334500031635,37.73400899990987],[-122.49225900001994,37.734057999788384],[-122.49129400009731,37.73409599987488],[-122.49127499983076,37.73413200005098],[-122.49123499964779,37.73420499993996],[-122.49127900002871,37.73469799968997],[-122.49083299996487,37.734717000281826],[-122.49085200023144,37.73501700011922],[-122.4902999998624,37.73506600004114],[-122.49032800034979,37.73547099979213],[-122.49026999972516,37.73560600016407],[-122.4905259998182,37.73547000021999],[-122.49072599983475,37.73540000029763],[-122.49074000007846,37.735710999730586],[-122.4909200000035,37.73568000030032],[-122.49093400024721,37.735881000133965],[-122.49102299993567,37.736406000210806],[-122.49102799995853,37.73643700004752],[-122.49111599982209,37.73664700022672],[-122.49131099981577,37.73659799993035],[-122.49140899972505,37.73656700016105],[-122.49145200028109,37.737171999844605],[-122.49145999977867,37.73728300015979],[-122.4912849998765,37.73730300034612],[-122.49089400006423,37.73761100025958],[-122.49069499987262,37.73773299984791],[-122.49047599958949,37.737831999866856],[-122.49036400033482,37.7379300002145],[-122.48997099997443,37.73795699983804],[-122.48979400042242,37.737822000201035],[-122.4896520001322,37.73776300029816],[-122.48979600007226,37.7376059997015],[-122.4896449995612,37.73745799965315],[-122.48942899965112,37.73729599996185],[-122.48915599983965,37.737007000162876],[-122.48894300030264,37.736897999960476],[-122.48860099999588,37.736792999946104],[-122.48826000041232,37.73673700001968],[-122.48790899988472,37.73673899984015],[-122.4875189998974,37.736719999767224],[-122.48707899968134,37.73668499969481],[-122.48670499958753,37.7366170000346],[-122.48640599983678,37.736567999718375],[-122.48608600016965,37.736530000190236],[-122.48572899979428,37.73653500011058],[-122.48545000013502,37.73659499983864],[-122.48502499998757,37.736816999901656],[-122.4850550001248,37.73708199987004],[-122.48494999964448,37.73711699975477],[-122.48429600006654,37.73719399986909],[-122.48397100037651,37.737386999932944],[-122.48324400010527,37.737463000221176],[-122.48282700035375,37.73746900033414],[-122.48237999956669,37.737463000221176],[-122.4820139998688,37.73735200017587],[-122.48172699981365,37.737171999844605],[-122.4806549997609,37.737218999953555],[-122.47960199997475,37.73726600003272],[-122.4784999997848,37.73731300008204],[-122.47744399962559,37.73736000010147],[-122.47636800027323,37.737407000091125],[-122.4753899999318,37.73744999973808],[-122.47526899955798,37.73745599985204],[-122.47435800006205,37.73749699967058],[-122.4742330003886,37.737475999991624],[-122.4732779996134,37.73751800005402],[-122.47316100033586,37.7375499996796],[-122.47208900028315,37.73759799980242],[-122.4714199997382,37.73762800030744],[-122.47140600039283,37.73773899993893],[-122.4714249997611,37.738015000048534],[-122.47155399963253,37.738008999979826],[-122.47163200034866,37.73910599995018],[-122.47106699956079,37.73913200033253],[-122.47109400022332,37.73951499982428],[-122.47133100004977,37.73950400015774],[-122.47133500024772,37.73961400030178],[-122.47135399961599,37.739888000078935],[-122.47168199967903,37.73987399979862],[-122.47176100022007,37.74099199994504],[-122.47160600040938,37.74099799977191],[-122.47163300017357,37.741363999658034],[-122.47122599956948,37.74138299995983],[-122.47119799998038,37.74098799982336],[-122.47107699960655,37.740993999650556],[-122.47063899993864,37.74101300004734],[-122.47030900022575,37.74102800031979],[-122.47007800024709,37.74103899975989],[-122.46995699987326,37.74104400008602],[-122.46996400044426,37.7411450003512],[-122.46975900040485,37.74115100016568],[-122.46975199983382,37.741051000115874],[-122.46919899963989,37.741069000291084],[-122.46912199964699,37.741249999875905],[-122.4691159997992,37.74130599994036],[-122.46878400043649,37.74121400031951],[-122.46869700039785,37.741183000352024],[-122.46856099995541,37.74150300003346],[-122.46848899998541,37.74167100023594],[-122.46892900020144,37.74172500029615],[-122.46862899972747,37.74243800027803],[-122.46827200025042,37.743265000191194],[-122.4680809995564,37.74327600000923],[-122.46807300005878,37.74338399987949],[-122.46774800036879,37.74341299999543],[-122.46685899971585,37.74349100012833],[-122.46604299975616,37.74355499988455],[-122.46580699975459,37.7435740003343],[-122.46473700025001,37.74365900008079],[-122.4636860001137,37.74374899987308],[-122.46338200034006,37.7438449998624],[-122.4632659999891,37.74393500013887],[-122.46302400013978,37.74373199981017],[-122.46142499983235,37.74498199978832],[-122.46118499963283,37.74479200010658],[-122.46102499979929,37.744821999827074],[-122.46072799969835,37.74505500034388],[-122.46039999963527,37.7453110000203],[-122.46021200021262,37.745457999847694],[-122.45869599974588,37.74664299979586],[-122.45873199973089,37.74668400020857],[-122.45878500033268,37.74673800016306],[-122.45867400000459,37.746800999823385],[-122.45874299960154,37.74687600026238],[-122.45917399959679,37.74728599994533],[-122.45901700013626,37.74730600027025],[-122.4587119996394,37.747605000114675],[-122.45863499964653,37.74776900020763],[-122.45866200030902,37.74803799977673],[-122.45885399992963,37.74825900021727],[-122.45949699963697,37.74891800001685],[-122.45958000037595,37.74896599987102],[-122.45963499972925,37.749020999680496],[-122.46035199995471,37.74978299982087],[-122.46049099987188,37.7499710000115],[-122.46100100040816,37.75096100032141],[-122.46131299967936,37.751350000096494],[-122.46147000003819,37.75152200022882],[-122.4617019998418,37.751685000100814],[-122.46210799972266,37.751972000004976],[-122.46221800022585,37.75206499980687],[-122.46261700043398,37.75241799967132],[-122.46289400044343,37.75263599966397],[-122.46336100042365,37.75303899979021],[-122.46343300039368,37.75302800000275],[-122.46418400005605,37.75291200033625],[-122.46446199989039,37.75289899972553],[-122.4655330001182,37.75285100029174],[-122.46660000014806,37.75280300011654],[-122.46764299988848,37.75275599995925],[-122.46780400044528,37.752722999755385],[-122.46791499987505,37.75273500034776],[-122.46831599973304,37.75249400015221],[-122.46856400032847,37.752833000140924],[-122.46869900004766,37.75304600010613],[-122.46871999996407,37.753092000034755],[-122.46873900023064,37.75313299971546],[-122.46886300007921,37.75341700027534],[-122.46897500023219,37.753671000072686],[-122.46908499983707,37.75384799995282],[-122.46919399961702,37.753970999800735],[-122.46931199961779,37.75406900008755],[-122.46945899993088,37.754168000274476],[-122.46979600021474,37.75427899996062],[-122.46992000006334,37.754298999816015],[-122.4698129999332,37.754650000339446],[-122.47001899979753,37.75469199988991],[-122.47012000007987,37.754286000159205],[-122.47017100013349,37.75429599973148],[-122.47053699983138,37.75433900022075],[-122.47076100013737,37.75375600029667],[-122.47081999968862,37.75334100003226],[-122.47051099989211,37.75281399993751],[-122.47036600012716,37.752648000270455],[-122.4703009998298,37.75256899979324],[-122.47067999994653,37.752376000250536],[-122.47084599962787,37.75258299980301],[-122.47090799955214,37.75261600006932],[-122.47200800009227,37.752569999844766],[-122.47255899973811,37.752544999973196],[-122.47313299984846,37.7525200000932],[-122.4742049999012,37.75247199970326],[-122.47474100037668,37.75244799985175],[-122.47527600012899,37.752423999992466],[-122.47623000018095,37.75238199986485],[-122.47635499985441,37.752376000250536],[-122.4774150002116,37.75232899982201],[-122.4784860004394,37.75228200007386],[-122.47955799959382,37.752235000295855],[-122.48062899982165,37.75218699972108],[-122.48170199969927,37.75213999988273],[-122.48276999955404,37.75209300001453],[-122.4838440001549,37.752045000057926],[-122.48491500038271,37.751998000129376],[-122.48598800026035,37.75195100017098],[-122.48705299974208,37.7519030001222],[-122.48814300023648,37.751853999981115],[-122.48919400037279,37.7518069999313],[-122.49026999972516,37.751757999726635],[-122.49134500015094,37.75171000026294],[-122.49241700020366,37.751662000057834],[-122.4934880004315,37.751613999821586],[-122.49456100030913,37.751567999684326],[-122.49502499991632,37.75154799980105],[-122.49516499965841,37.75154300018451],[-122.49562999998881,37.751526999846725],[-122.49670200004152,37.75147600003436],[-122.4977699998963,37.75142600025383],[-122.49884199994905,37.75138100006728],[-122.49991400000175,37.75133399971697],[-122.50098699987939,37.751285999978236],[-122.50205999975702,37.751240000347416],[-122.50313299963467,37.75118999969712],[-122.50420300003758,37.75114400000656],[-122.50527699974015,37.751092999930165],[-122.50634799996794,37.75105199982937],[-122.50741599982273,37.75100299983503],[-122.50818699957657,37.75096800012363],[-122.5079420002525,37.749111000055386],[-122.50834700030845,37.74895899987942]]]}},{"type":"Feature","properties":{"zipcode":"94117"},"geometry":{"type":"Polygon","coordinates":[[[-122.45876400041625,37.773553000194205],[-122.45908999993121,37.77324299979547],[-122.45810999993998,37.77347600027835],[-122.45750300021764,37.773578999834164],[-122.45709399996375,37.773620999997895],[-122.45674199961124,37.77359199965069],[-122.4564079997004,37.773501000176786],[-122.45621100005688,37.773406999861415],[-122.45600099999463,37.77323599997075],[-122.45567399975646,37.772838999899726],[-122.4556260000759,37.77268899974906],[-122.45563699994655,37.77257299967003],[-122.4556829999773,37.7724719996979],[-122.45579299958217,37.772353999710354],[-122.45603600015471,37.77214400002495],[-122.45629899992048,37.77194999992758],[-122.4566060000671,37.77173999980484],[-122.45674900018224,37.771629000046794],[-122.45679000019011,37.77152800020531],[-122.45683899969562,37.77099200008766],[-122.45652200040152,37.770952000166815],[-122.45592499982664,37.77088799996449],[-122.45536099976204,37.77085100011069],[-122.45519500008065,37.770797999808096],[-122.45529499963979,37.77067600005242],[-122.45535300026441,37.77053999993622],[-122.45536400013506,37.77043400026736],[-122.45535300026441,37.77034599989098],[-122.45530600040874,37.77019599965345],[-122.45519199970762,37.76998499970379],[-122.45491200022344,37.76945699976931],[-122.45486199999476,37.76929899983602],[-122.45483699988037,37.76903800021808],[-122.45483400040565,37.76882199993556],[-122.45489200013198,37.76863599973901],[-122.45495400005626,37.768449999784686],[-122.45509399979834,37.76829599989609],[-122.45521799964686,37.76819099969136],[-122.45535300026441,37.76812299986475],[-122.45634499995118,37.7678389996622],[-122.45669899995353,37.76774300026726],[-122.45827700034454,37.76728000034061],[-122.45786800009064,37.766610000153364],[-122.45778900044792,37.76641200028216],[-122.45779000027284,37.766014999789704],[-122.45778900044792,37.765820000073155],[-122.45775599993766,37.7653539998334],[-122.45771800030282,37.76480999990475],[-122.45769999986115,37.76454999995632],[-122.45753599982962,37.76356599980814],[-122.4566699996412,37.763815000060966],[-122.45642399959392,37.76388500009517],[-122.45603500032979,37.76399700001209],[-122.4557809998866,37.76407000027243],[-122.45555199955773,37.76413599977452],[-122.45546299986928,37.76369699975192],[-122.45546200004436,37.76360000004897],[-122.4554650004174,37.763062000170464],[-122.45546299986928,37.762514999966044],[-122.45546700006723,37.76228500021438],[-122.45556099977856,37.76118900002186],[-122.45564100014451,37.76029500016604],[-122.45518500003494,37.7605820000501],[-122.45509399979834,37.7605820000501],[-122.45508200010278,37.760673999740135],[-122.4543520003568,37.761269999684636],[-122.45380400018571,37.76171700004245],[-122.45355599959028,37.76153300030171],[-122.45347299974961,37.76158400028341],[-122.45249000028365,37.76140399994038],[-122.45235399984121,37.76078199978606],[-122.45226900035071,37.760334000223075],[-122.45201200043276,37.76036100019593],[-122.45200999988461,37.75954599977917],[-122.45200900005972,37.75941900013163],[-122.45201200043276,37.758807999970784],[-122.45243500003205,37.75880300013464],[-122.45244199970475,37.75834700016243],[-122.45244599990272,37.758226999702586],[-122.45229799976474,37.75827699985868],[-122.45211700001475,37.758325000033516],[-122.45204800041776,37.7583440002421],[-122.4513670001773,37.758576000115156],[-122.45148099998012,37.75912800014509],[-122.4513599996063,37.759132999959306],[-122.44923300011759,37.75925199969851],[-122.4492349997674,37.75928000002707],[-122.44863100041815,37.75931500006779],[-122.44855400042525,37.759317999948735],[-122.44853500015867,37.7590450003394],[-122.44807999987401,37.7590910000892],[-122.44768200038905,37.759189999947786],[-122.44739500033387,37.75937299987557],[-122.4472289997542,37.759573999996434],[-122.44715699978417,37.759660999741605],[-122.44695299956969,37.760170000281654],[-122.44700699999638,37.76060700004666],[-122.44691999995771,37.76061299970371],[-122.44697500020932,37.760884999978884],[-122.44699000027795,37.760972000312684],[-122.44643399971093,37.76100700026303],[-122.44654900023694,37.76111800034089],[-122.44656199975745,37.76114799983428],[-122.44702899973767,37.761121000148734],[-122.44708499981417,37.76139399990847],[-122.44717100002788,37.76138900024712],[-122.44722799992931,37.76166800000953],[-122.44723499960199,37.76175600005993],[-122.44678299969038,37.76178099965971],[-122.44638400038052,37.76181599993743],[-122.44615900024962,37.76182899969141],[-122.44618600001381,37.762113000247666],[-122.4460229998072,37.762122000259986],[-122.44581500029305,37.762133000115725],[-122.44568899989633,37.76225299992056],[-122.44566399978198,37.76199500006395],[-122.44547600035932,37.762024999911816],[-122.44549499972759,37.762183999683735],[-122.44531499980253,37.7620639997669],[-122.44521699989325,37.76217800015411],[-122.44538000009983,37.76228700005478],[-122.44527799999261,37.76239900026098],[-122.44524600020553,37.76237699991684],[-122.44513999990035,37.76249500020128],[-122.44516500001471,37.76251300013186],[-122.44505200003681,37.76261699996047],[-122.44503699996818,37.76260600017671],[-122.4449809998917,37.76265899995906],[-122.44495099975445,37.76263800031781],[-122.44434200038233,37.76321800012094],[-122.4444190003752,37.76327100017493],[-122.44429700017649,37.763389999648595],[-122.44415999990912,37.76338799983806],[-122.44415400006135,37.763520999904046],[-122.44395999989257,37.7635159996763],[-122.44395400004481,37.76365500034276],[-122.44337800028464,37.76364100029768],[-122.44338499995732,37.76348100020301],[-122.44295099958906,37.763678000208124],[-122.44294999976412,37.76391599978478],[-122.44304900039664,37.7639180002912],[-122.44329100024598,37.76396399985125],[-122.44327899965211,37.764114999842505],[-122.44349000043762,37.76415499991083],[-122.44344100003383,37.764234000088685],[-122.44347299982086,37.764313000182156],[-122.44352300004957,37.76432299981942],[-122.44358599979878,37.764387999914206],[-122.44365100009608,37.7648539998493],[-122.44365600011898,37.76490600026646],[-122.44347000034614,37.76485600033034],[-122.44345299972937,37.765240999960795],[-122.44334700032248,37.76533300024723],[-122.44321099988004,37.76534000010993],[-122.44271899978546,37.76533300024723],[-122.44272200015851,37.76539499981993],[-122.44271299993767,37.76558900007141],[-122.44245299964668,37.76558499985905],[-122.44202099982654,37.76557299993082],[-122.44202199965146,37.76554300010173],[-122.44170600018228,37.76553600025818],[-122.44168799974062,37.765520999982634],[-122.44149899959471,37.765662000180654],[-122.44117100042997,37.76590900002581],[-122.4409820002841,37.76605000019425],[-122.44092299983454,37.766000000321405],[-122.44079700033616,37.766094000111224],[-122.44085699971232,37.766143999920516],[-122.43991299970612,37.76685199967065],[-122.43961599960518,37.766601999838905],[-122.43950199980236,37.76657599987609],[-122.43855500032141,37.76629700016378],[-122.438386000267,37.766665000339174],[-122.43829099983245,37.76672599964518],[-122.43821999968733,37.76670100029659],[-122.43787900010382,37.766611000015125],[-122.43777799982146,37.766597999681345],[-122.43781800000444,37.7670970000918],[-122.4378289998751,37.76718400022],[-122.43729900014567,37.76722200034182],[-122.4364780001631,37.76727499965688],[-122.43562399967026,37.767328000354205],[-122.4357940004479,37.76905800034383],[-122.43489300009941,37.76911399995706],[-122.43357199962631,37.76917800027458],[-122.43246399958858,37.76924999985556],[-122.43156999981109,37.76930699985876],[-122.43135700027408,37.76932100025145],[-122.43024699968821,37.7693919998691],[-122.42990600010468,37.7694079998935],[-122.42912799977981,37.769455999946025],[-122.42914600022146,37.769560999774804],[-122.42922499986419,37.770350999656934],[-122.42842599962295,37.770451999685925],[-122.42832699988875,37.77055899984735],[-122.42834699998022,37.770661000109335],[-122.42804900005439,37.7706989998646],[-122.42810299958273,37.770970000169385],[-122.42806900014587,37.77097400009045],[-122.42814399959063,37.77134700012313],[-122.42827900020816,37.77133000001031],[-122.4282950001017,37.771424000125926],[-122.4283100001703,37.77151700032675],[-122.42835899967578,37.771760999701954],[-122.42825699956853,37.77177399983812],[-122.42828300040611,37.771903999654164],[-122.42870799965524,37.77185000031548],[-122.4288020002649,37.77231600009553],[-122.42885699961816,37.77259000020721],[-122.42889000012842,37.77275400030142],[-122.42898999968756,37.773248000075625],[-122.4290850001221,37.77372199982062],[-122.42917800000852,37.77418100013799],[-122.42927300044308,37.77464900035393],[-122.42936600032948,37.77511099983707],[-122.42946000004083,37.775576999655414],[-122.42955399975216,37.77604399982087],[-122.42962200042253,37.776329000191915],[-122.42962599972219,37.776513000042165],[-122.4296769997758,37.776594999689024],[-122.42975700014175,37.776967000044436],[-122.42992899967089,37.777909000256955],[-122.43001800025766,37.77835600015622],[-122.43011500034204,37.7788419997197],[-122.43064599989637,37.77877399974806],[-122.43087699987504,37.778745000002175],[-122.43176300015494,37.77863200000233],[-122.43235999983152,37.77855499969617],[-122.43283500020769,37.77849499990911],[-122.43340699976989,37.77842199968839],[-122.43386899972725,37.778363000206205],[-122.43378500006168,37.777895999779446],[-122.4343650000198,37.77782199996713],[-122.43433900008053,37.77769300032819],[-122.43447600034789,37.777676000254424],[-122.43448100037075,37.77770300028623],[-122.43481399955836,37.77765999988905],[-122.43487700020586,37.7779669996833],[-122.43500000022952,37.77795300021769],[-122.43524100025394,37.777926000277134],[-122.43521899961434,37.77781699999633],[-122.43556000009617,37.77777399966542],[-122.43554000000466,37.77767199998589],[-122.43600899963475,37.777612000192185],[-122.43602999955115,37.77771399995454],[-122.43650300027745,37.77765400019492],[-122.43661999955503,37.77763099970614],[-122.43663700017177,37.77771300024291],[-122.43669700044623,37.77800599965144],[-122.43694000012049,37.77797500018821],[-122.43687999984603,37.77767699996651],[-122.43690199958732,37.777674000120186],[-122.43688200039416,37.77757399972965],[-122.43709999995404,37.77754599993688],[-122.43708700043356,37.77747800019311],[-122.43777000032388,37.77739100010604],[-122.43784399994374,37.77776399971699],[-122.43820700016687,37.777718000220744],[-122.43819000044842,37.77762999999344],[-122.43827699958877,37.77761799988978],[-122.43839700013767,37.77760099979871],[-122.4387429997441,37.77755200034982],[-122.43870799958398,37.77737300024664],[-122.43889799955478,37.77734899995394],[-122.4388780003616,37.777250999979486],[-122.43897200007295,37.7772389998143],[-122.43956200007683,37.77716400033531],[-122.43963700041989,37.77753699967159],[-122.43989299961461,37.77750399987279],[-122.44002700040723,37.777587000263786],[-122.44024699961693,37.77755800005223],[-122.44018399986774,37.77723199965787],[-122.44027000008145,37.777220999917894],[-122.44026300040878,37.77718599983066],[-122.44038200023446,37.77717099978814],[-122.44035999959483,37.77706199981413],[-122.44099200032983,37.77698200012829],[-122.44101300024623,37.77708400004981],[-122.44125799957033,37.777051999769384],[-122.44127699983687,37.77714499999134],[-122.44145199973907,37.77712200005424],[-122.44147299965547,37.777225999929],[-122.44164099988492,37.77719099984413],[-122.44180900011445,37.777155999742625],[-122.44213999965223,37.77711400016705],[-122.44211299988804,37.77697900025377],[-122.44219800027686,37.7769679997661],[-122.44217099961436,37.77683199986271],[-122.44276800018925,37.77675600024629],[-122.44278900010568,37.77685799976959],[-122.44296099963479,37.776836000176694],[-122.44301500006148,37.777106999998786],[-122.44318400011588,37.77708600020001],[-122.4432999995685,37.77706100009374],[-122.44341599991945,37.77703699969973],[-122.44337800028464,37.776852000010365],[-122.44357099973016,37.776828000258554],[-122.44355700038479,37.776759999854335],[-122.443728000089,37.77673800023228],[-122.44370700017261,37.7766370002695],[-122.44439099988782,37.77654999990275],[-122.44441099997928,37.776651999710275],[-122.44458500005656,37.776629000329834],[-122.44464000030817,37.77690099992328],[-122.44465799985149,37.77699599977778],[-122.44496699964799,37.77695799970864],[-122.44478000005024,37.77601699989316],[-122.44647100041915,37.77580199985401],[-122.4466429999483,37.776658999921615],[-122.44937899970745,37.77633799989429],[-122.44920200015545,37.7754540002325],[-122.44970799959543,37.775389999666686],[-122.45135799995646,37.77517499993431],[-122.4528099999508,37.774995000007735],[-122.45300300029463,37.77497099965307],[-122.45359499994832,37.77489399979389],[-122.4536760001392,37.77531100004577],[-122.45391999963834,37.77528500030483],[-122.45427700001372,37.77524799981115],[-122.45424900042464,37.775113999787386],[-122.45468200006967,37.77504899988969],[-122.45466799982599,37.774964999740654],[-122.45468299989459,37.77475499966063],[-122.455252999807,37.77468700018985],[-122.45628399985182,37.77455500007798],[-122.45837100005589,37.774308999757025],[-122.45837899955349,37.77415799998878],[-122.4584210002846,37.7739730001956],[-122.45848499985871,37.77385199976194],[-122.45876400041625,37.773553000194205]]]}},{"type":"Feature","properties":{"zipcode":"94118"},"geometry":{"type":"Polygon","coordinates":[[[-122.48424800038596,37.7724770000302],[-122.48421400005074,37.772323999791816],[-122.48416399982203,37.77222199969371],[-122.48408299963118,37.772117999880386],[-122.48406500008784,37.77209499979949],[-122.48392299979761,37.77198900022964],[-122.48372600015414,37.77190299986402],[-122.48351699991677,37.77187899992579],[-122.48258499960613,37.77190299986402],[-122.48195399959434,37.77185499997975],[-122.4817899995628,37.77192900008419],[-122.48160799998793,37.771684999843195],[-122.48146599969773,37.77159700024554],[-122.48108300028139,37.771462000199236],[-122.4808730002191,37.77137500013342],[-122.48064899991311,37.77125299990962],[-122.48044700024676,37.77109699986561],[-122.48023999965922,37.77089400020772],[-122.48002200009934,37.77062000020195],[-122.47989499987771,37.770495999824156],[-122.47926700023902,37.7707099998649],[-122.47914599986517,37.77075399984956],[-122.47886499965777,37.77085400023386],[-122.47792999987239,37.77124500009746],[-122.47746700009012,37.771396000134196],[-122.47689499962961,37.77152900000052],[-122.47601599992072,37.771687000139465],[-122.47555300013846,37.77171100014003],[-122.47519599976306,37.77168600034638],[-122.47494600041613,37.77162399965716],[-122.47365500008027,37.77115600017584],[-122.4740500000905,37.77102899987086],[-122.47491600027888,37.77105700000157],[-122.47508899963294,37.77107700029134],[-122.47535599959664,37.77114299993102],[-122.47559800034428,37.77117400012875],[-122.47582299957685,37.77113900001904],[-122.47603299963914,37.771049999969904],[-122.47614200031742,37.770985000049784],[-122.47620000004372,37.7708790003088],[-122.47629299993014,37.770666999660875],[-122.47631300002162,37.77050500023652],[-122.47628600025746,37.770352999989285],[-122.47618599980002,37.7702510000126],[-122.47592600040736,37.770186000100225],[-122.4755010002599,37.770121999944955],[-122.47526400043344,37.77006400004492],[-122.4750850003333,37.76998499970379],[-122.47468399957697,37.769722000027485],[-122.4745289997663,37.76963900003803],[-122.47416300006839,37.769535999964354],[-122.47393100026478,37.76950899979033],[-122.47373500044621,37.76952799996644],[-122.4731970003209,37.76963400022388],[-122.47221099958355,37.76975200029162],[-122.47182999981705,37.76983999995475],[-122.47160899988411,37.76985999986359],[-122.47146499994408,37.769808000089334],[-122.47140800004266,37.76969099993108],[-122.47144800022564,37.769550000313735],[-122.47163200034866,37.7694180002621],[-122.47183599966485,37.769318000066086],[-122.47205300029812,37.76917699973752],[-122.47228500010172,37.76901300023083],[-122.4725439996695,37.768775000014024],[-122.47265300034775,37.76862900018821],[-122.47271799974675,37.76846400033968],[-122.47275200008197,37.76809599988488],[-122.47276799997549,37.76774199971072],[-122.47264400012693,37.76753699966553],[-122.47258399985245,37.767634999733765],[-122.47250100001179,37.76785400017773],[-122.47246900022473,37.76806200029074],[-122.47243599971446,37.768224999936315],[-122.47234299982804,37.768448999947836],[-122.47224499991874,37.76860999978112],[-122.4720649999937,37.768787999965106],[-122.47182800016724,37.768944999739844],[-122.47156299985335,37.76906599968248],[-122.47130000008762,37.769142999930274],[-122.47092299962075,37.76919599999887],[-122.47059999958057,37.769217999734884],[-122.47011800043003,37.76922199975071],[-122.4697579996816,37.769208999875936],[-122.4691359998907,37.769089999823635],[-122.46873199965964,37.768947999940345],[-122.46833400017469,37.768776999678884],[-122.46730399995478,37.76818900001065],[-122.46700400037912,37.768013000200746],[-122.46629700019936,37.76844300021634],[-122.46576699957164,37.76879500021091],[-122.4652009998572,37.76924500001516],[-122.46475599961828,37.769524999789475],[-122.46440199961596,37.76966900033584],[-122.46275899982592,37.77006599967493],[-122.46179999975108,37.77028700035458],[-122.4614280002054,37.77032799973651],[-122.461111000013,37.770342999747186],[-122.46076500040658,37.77031800020108],[-122.46010799955725,37.77039899980745],[-122.459900999868,37.770442000167314],[-122.4597519999051,37.77051499974665],[-122.45954199984278,37.7706449996459],[-122.45943800008573,37.770760000103714],[-122.45932199973477,37.77093100003995],[-122.45916199990121,37.77131399969163],[-122.45897000028059,37.77128300026269],[-122.45819699997861,37.771170000218504],[-122.45794599990843,37.77113299979571],[-122.45683899969562,37.77099200008766],[-122.45679000019011,37.77152800020531],[-122.45674900018224,37.771629000046794],[-122.4566060000671,37.77173999980484],[-122.45629899992048,37.77194999992758],[-122.45603600015471,37.77214400002495],[-122.45579299958217,37.772353999710354],[-122.4556829999773,37.7724719996979],[-122.45563699994655,37.77257299967003],[-122.4556260000759,37.77268899974906],[-122.45567399975646,37.772838999899726],[-122.45600099999463,37.77323599997075],[-122.45621100005688,37.773406999861415],[-122.4564079997004,37.773501000176786],[-122.45674199961124,37.77359199965069],[-122.45709399996375,37.773620999997895],[-122.45750300021764,37.773578999834164],[-122.45810999993998,37.77347600027835],[-122.45908999993121,37.77324299979547],[-122.45876400041625,37.773553000194205],[-122.45848499985871,37.77385199976194],[-122.4584210002846,37.7739730001956],[-122.45837899955349,37.77415799998878],[-122.45837100005589,37.774308999757025],[-122.45628399985182,37.77455500007798],[-122.455252999807,37.77468700018985],[-122.45468299989459,37.77475499966063],[-122.45466799982599,37.774964999740654],[-122.45468200006967,37.77504899988969],[-122.45424900042464,37.775113999787386],[-122.45427700001372,37.77524799981115],[-122.45391999963834,37.77528500030483],[-122.4536760001392,37.77531100004577],[-122.45359499994832,37.77489399979389],[-122.45300300029463,37.77497099965307],[-122.4528099999508,37.774995000007735],[-122.45135799995646,37.77517499993431],[-122.44970799959543,37.775389999666686],[-122.44920200015545,37.7754540002325],[-122.44937899970745,37.77633799989429],[-122.4466429999483,37.776658999921615],[-122.44647100041915,37.77580199985401],[-122.44478000005024,37.77601699989316],[-122.44496699964799,37.77695799970864],[-122.44515599979387,37.777887000266794],[-122.44534699958957,37.77883699981789],[-122.44539500016849,37.77925899971277],[-122.44575699966842,37.77921200003552],[-122.44576300041449,37.77924400009095],[-122.44616699974723,37.77919100012475],[-122.44622799984661,37.7794319999594],[-122.44628399992311,37.77975099996395],[-122.44628899994598,37.77995800029878],[-122.44619699988445,37.78003099971264],[-122.44544000037432,37.78012500012584],[-122.44547700018424,37.78073400020139],[-122.4455089999713,37.78088099993308],[-122.44558400031437,37.78132099984121],[-122.44528300001548,37.781360000169826],[-122.44494599973159,37.78147399992003],[-122.44461000017094,37.781638000186504],[-122.44426200001638,37.78177599979113],[-122.44383100002116,37.781872000135834],[-122.4444310000708,37.78256999979543],[-122.44444100011653,37.78267799981297],[-122.44571099963765,37.78251799973064],[-122.44580299969915,37.78251300007748],[-122.44582600016368,37.78251199972081],[-122.4459099998293,37.782916999645884],[-122.44603299985293,37.78350899999434],[-122.44624700011319,37.78443799986749],[-122.44642200001536,37.78536999966654],[-122.44761999956647,37.78508399975329],[-122.4476220001146,37.78519499989819],[-122.44760500039615,37.78527600024411],[-122.44753400025104,37.78541099991342],[-122.44684899981263,37.78618700007153],[-122.44661000033632,37.786301999781394],[-122.44679299973612,37.787261999884045],[-122.4469740003844,37.78818600016685],[-122.44714799956336,37.78907099975625],[-122.44733000003656,37.789940999814434],[-122.44736900039462,37.79014600020964],[-122.44775900038195,37.790093000252],[-122.44778600014614,37.79022800035043],[-122.44792400023839,37.790211000320085],[-122.44798299978963,37.79048899969936],[-122.44744899986222,37.79055600000369],[-122.44750099974078,37.790822999659355],[-122.44773099989456,37.790793000136986],[-122.44777899957512,37.79105700034301],[-122.44798399961452,37.79103099975148],[-122.44801999959955,37.79120700013664],[-122.44811800040716,37.791195000107535],[-122.44816500026283,37.79142900032299],[-122.4479879998125,37.79145099983188],[-122.44801999959955,37.79165900028581],[-122.447679000016,37.79170299986997],[-122.44772000002389,37.7918939999714],[-122.4479309999111,37.79286200014804],[-122.44794000013194,37.79290400000359],[-122.44802399979753,37.793121999918036],[-122.4481779997833,37.79309499983981],[-122.44830500000492,37.793021999841756],[-122.44843899989921,37.79280400034208],[-122.44851400024227,37.792541000210065],[-122.44856100009795,37.79231400011542],[-122.44857799981638,37.792094000202496],[-122.44862700022017,37.791954000239514],[-122.44871199971068,37.79183499988499],[-122.44884399995514,37.791766000277626],[-122.44897100017675,37.7917279999931],[-122.4494259995631,37.791637000129015],[-122.45099499973333,37.79132300008058],[-122.45273999963058,37.790974000170166],[-122.45422900033316,37.79067599982474],[-122.45583600013818,37.7903550003283],[-122.45747999975313,37.79002600023777],[-122.45902899983183,37.78971600005922],[-122.45947599972057,37.78971100018307],[-122.45992500015744,37.789542999746814],[-122.4635809996334,37.7888059999922],[-122.46478099973264,37.7885639999213],[-122.4658419999147,37.7883499997381],[-122.4669240000132,37.78813199994267],[-122.46798900039319,37.78784900021283],[-122.47008099972179,37.78739900005617],[-122.47091199975011,37.78722099995414],[-122.47116000034553,37.787222999830036],[-122.4722340000481,37.78723200033584],[-122.47235200004886,37.787234000211384],[-122.47247300042271,37.78722900016736],[-122.47332100016942,37.787193000266],[-122.47442699965903,37.78697499989711],[-122.47554700029066,37.78678199997168],[-122.47662500019116,37.786795999894956],[-122.47657499996245,37.78612799968789],[-122.47634300015885,37.78613900023229],[-122.47631499967146,37.785761000142664],[-122.47601300044596,37.785775000259314],[-122.47598300030874,37.78536399988824],[-122.47595800019438,37.785021000038164],[-122.47594800014865,37.784883999717316],[-122.47593399990495,37.78467800001608],[-122.47606299977639,37.78467200018161],[-122.47605799975352,37.78460199994683],[-122.47605299973063,37.784534999923764],[-122.47633300011312,37.78452199990165],[-122.47645500031186,37.78451999995265],[-122.47643699987017,37.78427099984559],[-122.47613800011945,37.78428399991187],[-122.47610899980712,37.78391299979824],[-122.47587899965335,37.78392399996236],[-122.47582900032295,37.78323800021344],[-122.47578900014,37.782689999805186],[-122.47578800031508,37.782627000179346],[-122.47631899986943,37.782579999803694],[-122.47630700017385,37.782406000176906],[-122.47610700015731,37.78241499984938],[-122.47605000025588,37.78210400003998],[-122.47587700000354,37.782112000097136],[-122.47587199998067,37.78204299993073],[-122.47574300010923,37.782048999978635],[-122.4756629997433,37.780953000187615],[-122.47607799984499,37.78093400010757],[-122.47620000004372,37.780917000069145],[-122.47617499992937,37.7805540003202],[-122.47616499988364,37.78042499976884],[-122.47613599957131,37.78004700027482],[-122.47601300044596,37.780041000064415],[-122.47559900016917,37.78005999966403],[-122.475528999849,37.77909999973236],[-122.47554599956743,37.77909900003953],[-122.47553600042,37.77896200010182],[-122.47562299956033,37.77895799990289],[-122.47560300036717,37.7786819998539],[-122.47558999994835,37.77857299997778],[-122.47602500014155,37.77855399999591],[-122.47601099989784,37.778368999842804],[-122.47589299989708,37.778375999891566],[-122.47558199955246,37.77839099968951],[-122.47556700038214,37.77818500035198],[-122.475452999681,37.7781900002979],[-122.4754440003585,37.77807000008261],[-122.47542799956666,37.77771300024291],[-122.47541400022126,37.77750800015041],[-122.47539400012978,37.777233000086],[-122.47538400008405,37.77709600024016],[-122.47551299995546,37.777089999790206],[-122.47549799988684,37.776885000100215],[-122.47578400011713,37.7768720001526],[-122.47589999956975,37.776867999840576],[-122.47588799987419,37.776692999823],[-122.47565900044364,37.77670299991631],[-122.47563099995625,37.77631999977845],[-122.47532899983244,37.776334000263354],[-122.47530899974096,37.776062999737775],[-122.47528100015188,37.77568200002266],[-122.47531200011402,37.77568100028361],[-122.47528000032696,37.77528000016244],[-122.47546799974964,37.77527100033132],[-122.47546299972674,37.77519700002148],[-122.47554899994049,37.77519300032887],[-122.47553200022203,37.77494799974962],[-122.47552499965103,37.77483800029776],[-122.47575099960684,37.77482799995218],[-122.47573700026147,37.774644000168536],[-122.47533700022836,37.77466799991932],[-122.47532299998467,37.77446200014815],[-122.47519300028833,37.77446800010133],[-122.47515800012825,37.77398800017693],[-122.4751139997473,37.773371000328396],[-122.47515499975516,37.77336900007769],[-122.47514499970943,37.77323200017206],[-122.47563199978114,37.77320899972762],[-122.47561400023783,37.772962000122824],[-122.47669399978811,37.772912999729385],[-122.47776699966577,37.772864000013605],[-122.47883700006867,37.7728150002653],[-122.47990499992346,37.77276599977449],[-122.48097899962599,37.772716000182086],[-122.48204900002892,37.772667000335694],[-122.4831190004318,37.77261799974681],[-122.48419399995927,37.772568999835464],[-122.48424800038596,37.7724770000302]]]}},{"type":"Feature","properties":{"zipcode":"94121"},"geometry":{"type":"Polygon","coordinates":[[[-122.51489699972727,37.77984799978142],[-122.5149479997809,37.779719000128004],[-122.51485400006956,37.77952500002721],[-122.51467099977147,37.77944599985493],[-122.5145679998393,37.779418000061156],[-122.51449400021946,37.77924299969004],[-122.51449900024232,37.779154000165995],[-122.51457899970994,37.77897800018539],[-122.51456500036458,37.77884599992491],[-122.51463599961139,37.778747999805034],[-122.51466200044894,37.778643999941394],[-122.5146299997636,37.77850600016955],[-122.5144139998535,37.778270999800576],[-122.5142719995633,37.778125000264616],[-122.51413000017138,37.77790200016397],[-122.5139700003378,37.77774300010489],[-122.51379000041277,37.777711000109676],[-122.51360600028973,37.777634000264236],[-122.51351199968009,37.77760299993492],[-122.5134849999159,37.777541999661324],[-122.51341899979369,37.77744300022754],[-122.5133510000216,37.77732999965747],[-122.51333699977789,37.777197000285874],[-122.51327300020381,37.77685299973359],[-122.51326200033317,37.77676600033107],[-122.51321999960204,37.77664300004617],[-122.51311599984498,37.77599200013542],[-122.51311800039312,37.77549500029953],[-122.51315500020304,37.775413000142684],[-122.51313900030951,37.77538300004524],[-122.5131679997235,37.77529499987853],[-122.51315000018018,37.775202000169486],[-122.51317000027167,37.77510900034344],[-122.51316500024878,37.77489099983464],[-122.51311599984498,37.774549999886226],[-122.51309900012653,37.773910000241024],[-122.51313099991359,37.77375899965787],[-122.51313699976139,37.773648000090574],[-122.51312400024091,37.77351400000708],[-122.51313699976139,37.773396000262345],[-122.51313599993645,37.77327600007611],[-122.51311699966988,37.773226999890824],[-122.51310900017229,37.77316499978369],[-122.51312000004293,37.77309899981868],[-122.51314599998223,37.773045999707264],[-122.51313500011156,37.772953000009494],[-122.51314400033237,37.77291800003186],[-122.51312800043888,37.772863000236384],[-122.51314799963201,37.77255700033048],[-122.51313299956341,37.77251800032801],[-122.5131379995863,37.77248300014447],[-122.51317799976925,37.7724119999444],[-122.51317899959417,37.77236999980398],[-122.51314299960914,37.77229900020543],[-122.51314400033237,37.77226099985225],[-122.51316299970064,37.772231999681686],[-122.51309699957841,37.771902000073865],[-122.51310900017229,37.77180099989519],[-122.51310199960128,37.771742000099614],[-122.51311099982209,37.77170700025883],[-122.51311699966988,37.77153900008228],[-122.5131040001494,37.77142899981906],[-122.51314099995933,37.77133099980819],[-122.51312800043888,37.771213999929444],[-122.51314699980712,37.77076099990931],[-122.5111240000755,37.77132300000447],[-122.51109200028841,37.771160000086844],[-122.51103000036414,37.770557000230674],[-122.51101100009757,37.77043699969735],[-122.51100100005183,37.770319000012655],[-122.51090499979237,37.769674000147575],[-122.51077799957076,37.76895299980083],[-122.51043199996434,37.76726200014995],[-122.5103650000172,37.766580999896945],[-122.5103499999486,37.76600999973058],[-122.51038099991074,37.765486999914735],[-122.51047200014732,37.764630000310966],[-122.51046799994937,37.76454399990851],[-122.51043500033742,37.7640599998908],[-122.51029700024515,37.764072999960554],[-122.50987000044788,37.76409000032144],[-122.50941099996527,37.76408799981967],[-122.50943400042979,37.764230999696935],[-122.50935999991162,37.764402999709446],[-122.50836499985179,37.764796000078306],[-122.5079709996665,37.76493800012262],[-122.50768600015945,37.76504000032629],[-122.5068030002526,37.7652999999724],[-122.50642900015879,37.765380000225875],[-122.50600499983628,37.76544099988167],[-122.50559099955949,37.7654759998477],[-122.50411699982385,37.765526000074814],[-122.50504199956347,37.76592400022266],[-122.50576399981185,37.76630100033762],[-122.50608199982918,37.76651999976116],[-122.5063019999372,37.766677999950986],[-122.50455600021499,37.7670580000501],[-122.50256600009531,37.767534999967076],[-122.50221200009301,37.767614999933286],[-122.50182600030361,37.767726000035935],[-122.50045999962472,37.7681570001409],[-122.49854800022116,37.768758999852665],[-122.49789100027012,37.76894300007947],[-122.49731700015978,37.76908599980066],[-122.49616100044146,37.76929200034804],[-122.49544400021598,37.7693820002071],[-122.49512799984849,37.76947699978173],[-122.49484099979331,37.76961100008049],[-122.49414399965929,37.770042999665854],[-122.49382300016724,37.770282999686245],[-122.49361800012785,37.77031100009945],[-122.49313600007898,37.77047699989678],[-122.49242800007431,37.770694999928665],[-122.49184999976602,37.77082100029243],[-122.49112900024087,37.77094999985067],[-122.4906940000477,37.7709780000113],[-122.4901810000367,37.770952000166815],[-122.48980399956983,37.7708950000115],[-122.4890880000676,37.77078500021043],[-122.48847100029953,37.770767000162834],[-122.48756999995102,37.77085999976978],[-122.48709399974996,37.770885999646616],[-122.48669899973974,37.77081000030866],[-122.48651399979181,37.770724999798034],[-122.48408299963118,37.772117999880386],[-122.48416399982203,37.77222199969371],[-122.48421400005074,37.772323999791816],[-122.48424800038596,37.7724770000302],[-122.48419399995927,37.772568999835464],[-122.4831190004318,37.77261799974681],[-122.48204900002892,37.772667000335694],[-122.48097899962599,37.772716000182086],[-122.47990499992346,37.77276599977449],[-122.47883700006867,37.7728150002653],[-122.47776699966577,37.772864000013605],[-122.47669399978811,37.772912999729385],[-122.47561400023783,37.772962000122824],[-122.47563199978114,37.77320899972762],[-122.47514499970943,37.77323200017206],[-122.47515499975516,37.77336900007769],[-122.4751139997473,37.773371000328396],[-122.47515800012825,37.77398800017693],[-122.47519300028833,37.77446800010133],[-122.47532299998467,37.77446200014815],[-122.47533700022836,37.77466799991932],[-122.47573700026147,37.774644000168536],[-122.47575099960684,37.77482799995218],[-122.47552499965103,37.77483800029776],[-122.47553200022203,37.77494799974962],[-122.47554899994049,37.77519300032887],[-122.47546299972674,37.77519700002148],[-122.47546799974964,37.77527100033132],[-122.47528000032696,37.77528000016244],[-122.47531200011402,37.77568100028361],[-122.47528100015188,37.77568200002266],[-122.47530899974096,37.776062999737775],[-122.47532899983244,37.776334000263354],[-122.47563099995625,37.77631999977845],[-122.47565900044364,37.77670299991631],[-122.47588799987419,37.776692999823],[-122.47589999956975,37.776867999840576],[-122.47578400011713,37.7768720001526],[-122.47549799988684,37.776885000100215],[-122.47551299995546,37.777089999790206],[-122.47538400008405,37.77709600024016],[-122.47539400012978,37.777233000086],[-122.47541400022126,37.77750800015041],[-122.47542799956666,37.77771300024291],[-122.4754440003585,37.77807000008261],[-122.475452999681,37.7781900002979],[-122.47556700038214,37.77818500035198],[-122.47558199955246,37.77839099968951],[-122.47589299989708,37.778375999891566],[-122.47601099989784,37.778368999842804],[-122.47602500014155,37.77855399999591],[-122.47558999994835,37.77857299997778],[-122.47560300036717,37.7786819998539],[-122.47562299956033,37.77895799990289],[-122.47553600042,37.77896200010182],[-122.47554599956743,37.77909900003953],[-122.475528999849,37.77909999973236],[-122.47559900016917,37.78005999966403],[-122.47601300044596,37.780041000064415],[-122.47613599957131,37.78004700027482],[-122.47616499988364,37.78042499976884],[-122.47617499992937,37.7805540003202],[-122.47620000004372,37.780917000069145],[-122.47607799984499,37.78093400010757],[-122.4756629997433,37.780953000187615],[-122.47574300010923,37.782048999978635],[-122.47587199998067,37.78204299993073],[-122.47587700000354,37.782112000097136],[-122.47605000025588,37.78210400003998],[-122.47610700015731,37.78241499984938],[-122.47630700017385,37.782406000176906],[-122.47631899986943,37.782579999803694],[-122.47578800031508,37.782627000179346],[-122.47578900014,37.782689999805186],[-122.47582900032295,37.78323800021344],[-122.47587899965335,37.78392399996236],[-122.47610899980712,37.78391299979824],[-122.47613800011945,37.78428399991187],[-122.47643699987017,37.78427099984559],[-122.47645500031186,37.78451999995265],[-122.47633300011312,37.78452199990165],[-122.47605299973063,37.784534999923764],[-122.47605799975352,37.78460199994683],[-122.47606299977639,37.78467200018161],[-122.47593399990495,37.78467800001608],[-122.47594800014865,37.784883999717316],[-122.47595800019438,37.785021000038164],[-122.47598300030874,37.78536399988824],[-122.47601300044596,37.785775000259314],[-122.47631499967146,37.785761000142664],[-122.47634300015885,37.78613900023229],[-122.47657499996245,37.78612799968789],[-122.47662500019116,37.786795999894956],[-122.47769600041897,37.786797000193644],[-122.47878000016729,37.786899999647545],[-122.479844999649,37.786795999894956],[-122.48100299991546,37.7870670001182],[-122.48187099975368,37.7872199996612],[-122.48379899994906,37.787739999656466],[-122.48414600027868,37.787665000183345],[-122.48414999957835,37.788447999905586],[-122.48399999979051,37.788742999900464],[-122.48390400042935,37.788993999676286],[-122.48391000027715,37.78923299967171],[-122.48400599963828,37.789431000190355],[-122.48407199976053,37.78951500022857],[-122.48419399995927,37.789559999930916],[-122.4844059996714,37.78964099975192],[-122.48473000043481,37.78973000013652],[-122.48483800038981,37.789892000027066],[-122.48519700041503,37.790197000333855],[-122.4859430000545,37.79083900001487],[-122.48595999977294,37.790820000346585],[-122.486035000116,37.79076199964758],[-122.48610899973586,37.79068799993808],[-122.48614800009393,37.79060600030776],[-122.48623699978239,37.7904949997715],[-122.48624500017831,37.79041400017672],[-122.48633499969169,37.790355999868886],[-122.48642900030133,37.79023699978032],[-122.48655399997479,37.79014999980307],[-122.48672899987696,37.79004200005595],[-122.48693800011434,37.789840000144736],[-122.48705199991716,37.78970899966458],[-122.48712100041246,37.78961099974966],[-122.48736900010955,37.78942999992733],[-122.48744699992737,37.789431000190355],[-122.4874639996458,37.78947299986644],[-122.48756400010322,37.78943499982249],[-122.48756400010322,37.78947299986644],[-122.48758400019473,37.789499000296274],[-122.48773700035561,37.78957400003777],[-122.48786399967891,37.78958800014199],[-122.48802799971044,37.78952999989577],[-122.48809999968044,37.789428999664295],[-122.4884820001702,37.78944200024303],[-122.48899099998323,37.789283000161106],[-122.48919199982465,37.78934000033694],[-122.48930099960461,37.78941200015998],[-122.48959199985774,37.789453999846906],[-122.48970099963769,37.789482999650595],[-122.4898289996842,37.78948200009819],[-122.4899190000959,37.78935199995739],[-122.4900460003175,37.78922200029779],[-122.49025300000673,37.78907800021132],[-122.49030700043342,37.78903300021549],[-122.49040699999252,37.78897899990033],[-122.4904129998403,37.78895199972796],[-122.49052800036634,37.78888599965944],[-122.49069599969754,37.78873199974369],[-122.49081799989625,37.78863299967908],[-122.49084300001063,37.78859100023544],[-122.49085899990412,37.78855400001283],[-122.49089300023934,37.788532000351296],[-122.49106200029374,37.78842399965928],[-122.49119100016514,37.78835799982911],[-122.49121799992933,37.788319999921654],[-122.49128200040175,37.78828099971612],[-122.4914060002503,37.788237000224015],[-122.49144800008308,37.788217000317175],[-122.49150099978657,37.7882220002944],[-122.49161399976447,37.78816399968589],[-122.49165499977234,37.78811800027249],[-122.49172000006969,37.78810500017075],[-122.4917710001233,37.78805599987584],[-122.49181299995608,37.78802599994003],[-122.49205800017847,37.78792499978261],[-122.49207999991977,37.78789999979264],[-122.49211900027782,37.787874999794205],[-122.49217899965399,37.787852999930585],[-122.49230599987557,37.78781600004834],[-122.49238100021866,37.787789000160956],[-122.4924470003409,37.78777799986217],[-122.49262800009086,37.78776499970061],[-122.49267900014449,37.787750999960906],[-122.49273600004592,37.78785699964808],[-122.49276899965787,37.78782999977568],[-122.492771000206,37.787884000220544],[-122.49282999975723,37.78788299993658],[-122.49285999989445,37.787852999930585],[-122.49285499987158,37.78778600001509],[-122.49291400032114,37.78778299986911],[-122.49295600015394,37.78776799984728],[-122.49297100022254,37.787742000228256],[-122.49301800007821,37.787740999942365],[-122.49305599971305,37.787739999656466],[-122.49309000004823,37.78772599991207],[-122.49312699985816,37.78773400007057],[-122.49318100028485,37.787712999741316],[-122.4931939998053,37.787692999692645],[-122.49324099966098,37.78768399995293],[-122.49329400026272,37.78768000022603],[-122.49333600009551,37.78765599973028],[-122.49338499960102,37.78764300025715],[-122.49341899993621,37.78765000013757],[-122.49346199959389,37.787628000206965],[-122.49349599992911,37.78763000007186],[-122.49368199970193,37.78760699984759],[-122.4937439996262,37.78761399973142],[-122.49377700013649,37.78762699991953],[-122.49385400012939,37.787633999801464],[-122.49390299963487,37.78762699991953],[-122.49393699997006,37.78760399969433],[-122.49397899980285,37.787584999904134],[-122.49400200026739,37.78758100017187],[-122.4940249998336,37.78760800013529],[-122.4940800000852,37.787672000061676],[-122.49410699984936,37.78773299978463],[-122.49412899959067,37.7877459999518],[-122.4941599995528,37.78779600002749],[-122.49426699968295,37.78781100004363],[-122.49431000023895,37.78780999975868],[-122.49432899960725,37.787819999767876],[-122.49435200007174,37.787822999912365],[-122.49435000042196,37.78789100007813],[-122.49439700027759,37.78790299993388],[-122.49441300017112,37.787876000078285],[-122.49440800014825,37.78783900020755],[-122.49441999984383,37.78781900019298],[-122.49449199981383,37.78780400017847],[-122.49451899957802,37.7878340002044],[-122.49451199990534,37.78791199964692],[-122.49453500036986,37.787957999898424],[-122.49451500027838,37.7880159999587],[-122.49464199960167,37.788135999645114],[-122.49470100005122,37.78813800020618],[-122.49468699980751,37.78808099981304],[-122.49474700008196,37.787951000047194],[-122.49475399975466,37.78789400021974],[-122.49480399998339,37.78783200034504],[-122.49485099983902,37.78782799991621],[-122.4948759999534,37.78783799992297],[-122.49493600022784,37.787822999912365],[-122.49494299990053,37.787792999881965],[-122.49505000003067,37.78778100000836],[-122.49508199981773,37.78776200026366],[-122.49510799975698,37.787752999822466],[-122.49514700011507,37.78775200024666],[-122.49519300014579,37.78774499966597],[-122.49528199983426,37.787739999656466],[-122.49533299988789,37.787715000313845],[-122.49536600039816,37.787675999788966],[-122.49538300011662,37.78766399989642],[-122.4954380003682,37.787653000288955],[-122.49548400039893,37.78762500005456],[-122.49551299981293,37.78761800017179],[-122.49553999957712,37.78759899967529],[-122.49560300022463,37.78757100013038],[-122.49562699961577,37.78755499977711],[-122.4957709995558,37.787542000286265],[-122.49582900018046,37.787500999801765],[-122.49588100005896,37.78750700011651],[-122.4959060001733,37.78750299967009],[-122.49597200029558,37.7874669999022],[-122.4960169996031,37.787448999656746],[-122.49606799965672,37.787441999757284],[-122.49608699992329,37.78741600002357],[-122.49624799958178,37.78734600025808],[-122.49627699989409,37.787329000274624],[-122.49633700016855,37.78732799998315],[-122.49646799968983,37.78730499966483],[-122.49651700009362,37.787302000209266],[-122.49654600040591,37.787287000089854],[-122.49663900029236,37.78731400016065],[-122.49668600014802,37.787358000202325],[-122.49672899980574,37.787343000094225],[-122.49675200027023,37.787368000272636],[-122.4968119996464,37.78735199987547],[-122.49685699985224,37.787368000272636],[-122.49689500038541,37.78740099992725],[-122.49692399979938,37.78743699972729],[-122.49699999996736,37.78745600026543],[-122.4970450001732,37.78746000000446],[-122.49710600027258,37.78748099969572],[-122.49716900002177,37.78755299991019],[-122.49721599987745,37.78759300007795],[-122.49727500032698,37.787591999790045],[-122.49731600033486,37.78759600023165],[-122.49735700034273,37.78757499986318],[-122.49740699967313,37.78757499986318],[-122.49745899955168,37.787586999770184],[-122.49748600021418,37.78761600030657],[-122.49751600035142,37.78770500029043],[-122.49749999955955,37.7877459999518],[-122.49752700022206,37.78777900014756],[-122.49754499976542,37.78781600004834],[-122.4975029999326,37.787854000214914],[-122.49754300011558,37.78789100007813],[-122.49762099993337,37.78794700033474],[-122.49768000038294,37.7879290002062],[-122.4977270002386,37.78793499977626],[-122.49777900011713,37.78798499972407],[-122.49783799966836,37.787959999754385],[-122.49785899958476,37.787932999919626],[-122.4978329996455,37.787871999651834],[-122.49786199995782,37.78781600004834],[-122.49793700030088,37.78783600006372],[-122.49796499988999,37.787907999932365],[-122.49802099996649,37.787874999794205],[-122.49814099961708,37.78788299993658],[-122.49820400026458,37.78793100006294],[-122.49825799979293,37.7880320002121],[-122.49836699957288,37.78804799975215],[-122.49835800025035,37.78812000012412],[-122.49839300041046,37.78816399968589],[-122.498481000274,37.78818100018719],[-122.49850800003821,37.788148000170956],[-122.49853800017542,37.78813500007449],[-122.49860299957443,37.78815999998496],[-122.4986200001912,37.78821499975823],[-122.49859799955156,37.788265999795385],[-122.49861000014545,37.78832900029384],[-122.4986849995902,37.788326000169896],[-122.49872200029843,37.78828300027322],[-122.49878000002475,37.78824099992078],[-122.49881099998689,37.7882320002478],[-122.49885799984256,37.78827399989548],[-122.49882900042854,37.78835799982911],[-122.498846000147,37.78841500000859],[-122.49888999962963,37.78841399973181],[-122.49891999976684,37.788390999751556],[-122.49895499992692,37.788352000293386],[-122.49904199996557,37.78833999980067],[-122.49909899986699,37.788367999764155],[-122.49912800017931,37.78840199995904],[-122.49920299962405,37.78841500000859],[-122.49926700009648,37.78841000004441],[-122.49933700041669,37.78842499993587],[-122.49943299977782,37.78846200022313],[-122.49948100035672,37.78852999980094],[-122.49951200031886,37.78862400005385],[-122.49955400015165,37.78868799981024],[-122.49957800044108,37.788703999918134],[-122.49963399961929,37.788692999755604],[-122.49968700022103,37.7886630000784],[-122.49972700040401,37.788609999767],[-122.4997330002518,37.7886420000131],[-122.4997619996658,37.78866199980497],[-122.4998040003969,37.78860799992863],[-122.4997979996508,37.788568000310285],[-122.4997609998409,37.78855000033302],[-122.4998110000696,37.788490000140385],[-122.49987899984166,37.78848899986462],[-122.49996699970521,37.78843999982433],[-122.50001000026121,37.78847700010409],[-122.50006700016263,37.788491999981936],[-122.50006499961451,37.78846900002596],[-122.50009999977459,37.788472000144104],[-122.50009200027701,37.78850899969785],[-122.50013099973674,37.78853600003209],[-122.50017699976749,37.78851800004701],[-122.50017500011766,37.78856899987505],[-122.50019199983609,37.7885919997999],[-122.50025100028564,37.788573999828465],[-122.50025700013344,37.78847899994594],[-122.50027300002697,37.78842800005579],[-122.50034099979902,37.78843400029527],[-122.50044600027933,37.78838500021852],[-122.5004589997998,37.788367999764155],[-122.500488999937,37.78837400000845],[-122.50053900016573,37.788336000109275],[-122.5005509998613,37.788316000229166],[-122.50059400041731,37.78833199970773],[-122.50064100027299,37.788337999955004],[-122.50071300024302,37.788319999921654],[-122.50073800035737,37.78829899975892],[-122.50075500007581,37.78831900035352],[-122.50080600012943,37.788318000075435],[-122.50082700004585,37.788308000133675],[-122.50086100038101,37.788303999730616],[-122.50087899992435,37.788319999921654],[-122.50094800041965,37.7883499997381],[-122.50099399955208,37.78833199970773],[-122.50097199981079,37.78829800019051],[-122.50100600014596,37.788283999841894],[-122.50109099963647,37.788313000104694],[-122.50115900030684,37.78829500006531],[-122.50133599985884,37.78822499971263],[-122.501438999791,37.78824000035157],[-122.5014589998825,37.78821299990918],[-122.50151400013408,37.78820499980248],[-122.50153199967743,37.78824799974455],[-122.50159100012698,37.78822700027125],[-122.50156900038567,37.788196999694975],[-122.5016200004393,37.7881689996667],[-122.5016780001656,37.788161999835445],[-122.50169999990692,37.788168000096526],[-122.5017259998462,37.78815100030212],[-122.50176600002918,37.78822799984067],[-122.50180100018926,37.78824700017544],[-122.50184200019713,37.788222999863855],[-122.50187800018216,37.78813800020618],[-122.50187800018216,37.78811399985919],[-122.50191199961904,37.78811699999169],[-122.50191300034227,37.78814100033771],[-122.50195199980202,37.78818100018719],[-122.50207099962768,37.788181999757185],[-122.50207400000073,37.788153999723235],[-122.50210599978779,37.78811099972653],[-122.50217000026021,37.78810399988977],[-122.50225499975069,37.788130999662066],[-122.50231599985007,37.7881120000074],[-122.50237600012454,37.788126999959346],[-122.50242600035322,37.788098000333434],[-122.5025159998666,37.78808599979948],[-122.50270500001248,37.788040000337524],[-122.5027889996781,37.78803599991995],[-122.50283600043207,37.7880500003156],[-122.5029030003792,37.788146000320076],[-122.50292599994545,37.78815699985416],[-122.50295600008266,37.78814300018871],[-122.5030070001363,37.788146000320076],[-122.5030780002814,37.78809700005236],[-122.50314500022854,37.78807599982627],[-122.50320899980265,37.78808500022812],[-122.50324899998563,37.78808200009433],[-122.50323399991703,37.788057000157416],[-122.50326400005424,37.788042999763135],[-122.50333500019934,37.788022000231635],[-122.50337399965909,37.788017999813086],[-122.50346300024589,37.788019999667426],[-122.50348499998718,37.7880500003156],[-122.50352599999508,37.788040000337524],[-122.50361300003368,37.78803900005566],[-122.50384599966223,37.78809200006667],[-122.50399799999816,37.78810700002273],[-122.5040490000518,37.788108000303666],[-122.50406599977025,37.78812099969494],[-122.50415000033412,37.78809599977128],[-122.50445599975758,37.788067000133196],[-122.50450099996341,37.78805900001069],[-122.50459300002491,37.78807700010763],[-122.50469299958402,37.78808000024167],[-122.50473000029227,37.78809599977128],[-122.50476200007932,37.78812599967867],[-122.50478800001859,37.78813899977677],[-122.50485900016369,37.78813500007449],[-122.50501999982218,37.788151999872525],[-122.50510699986081,37.78821499975823],[-122.50520200029538,37.7882600002522],[-122.50533000034189,37.78825099987165],[-122.50542300022829,37.78823599994483],[-122.50552100013762,37.78824799974455],[-122.50560599962812,37.788242999769075],[-122.50565800040496,37.78825899997332],[-122.50574700009342,37.78824799974455],[-122.50605199969195,37.788191999716055],[-122.50608900040018,37.788171000226825],[-122.50612000036232,37.78805200016907],[-122.50612200001213,37.78797499973719],[-122.50616300002002,37.78790999978966],[-122.50613200005789,37.78785600007368],[-122.50617800008864,37.78784200035127],[-122.50621999992143,37.78780400017847],[-122.50624099983783,37.7877940001671],[-122.50625900027951,37.78777400014035],[-122.50628600004367,37.78771200016497],[-122.50634399977,37.78765000013757],[-122.50642699961065,37.787594999943785],[-122.50652600024318,37.78747800024729],[-122.50665299956648,37.78746199987389],[-122.50671700003889,37.787444000337146],[-122.5067389997802,37.787495000196465],[-122.50689699996396,37.787495000196465],[-122.50697200030703,37.787453999685944],[-122.50705299959957,37.78727700000852],[-122.50710799985113,37.78727199996735],[-122.50719800026285,37.787149000126085],[-122.50725099996629,37.787039999957145],[-122.5073380000049,37.786943999935666],[-122.50741699964762,37.78688199997387],[-122.50753100034876,37.78684299971932],[-122.50763400028093,37.78672699984182],[-122.50771499957345,37.786586999649195],[-122.50768699998436,37.78650299983226],[-122.5077239997943,37.78643499980913],[-122.50775300010659,37.78641399982068],[-122.50778700044181,37.786417000022254],[-122.50779099974143,37.78638300033386],[-122.50781099983294,37.78635500032822],[-122.50791899978795,37.786238999684656],[-122.50796399999382,37.786167000319764],[-122.50803500013893,37.78613600001944],[-122.50810299991099,37.78614499994767],[-122.50813399987312,37.78615799968431],[-122.508218000437,37.78611899975763],[-122.5082590004449,37.78607400008972],[-122.50845199989044,37.7859390002116],[-122.50848600022562,37.78585499965812],[-122.50856599969326,37.785795000117155],[-122.50866199995271,37.78574500010747],[-122.50879699967193,37.78574500010747],[-122.50911800006227,37.7855910000355],[-122.50923299969001,37.78544500004893],[-122.50927100022315,37.785338000133386],[-122.50935099969081,37.78531499990569],[-122.50948299993527,37.78522700020321],[-122.50957499999677,37.78512900002395],[-122.50966500040848,37.78499999964787],[-122.50971599956378,37.784903000201886],[-122.5098079996253,37.78481600033433],[-122.50985399965603,37.78479400026997],[-122.50999400029644,37.784726999711005],[-122.51016900019863,37.78470299967616],[-122.5102369999707,37.784733999867626],[-122.51037099986499,37.784698999787906],[-122.51049200023881,37.78469699984371],[-122.51074699960863,37.78467200018161],[-122.51083899967013,37.78458500004212],[-122.51097099991462,37.784497000180345],[-122.51102500034128,37.78448499977159],[-122.51122899965748,37.78458899993654],[-122.51130599965038,37.78455399978811],[-122.51133400013778,37.7844249998283],[-122.51130200035072,37.78428399991187],[-122.51148599957541,37.78428900015515],[-122.51164299993424,37.784334999822065],[-122.51179600009513,37.784311999992184],[-122.51191099972284,37.784325999673406],[-122.51197699984512,37.78429100011039],[-122.51201100018027,37.78423699987989],[-122.51200199995945,37.78416199969154],[-122.51193599983722,37.78410299982117],[-122.51191599974574,37.78394899987744],[-122.51211199956431,37.78379300035417],[-122.51229499986242,37.783941999646515],[-122.51256600002408,37.78415300023179],[-122.51268099965182,37.784119999836754],[-122.5126520002378,37.784020999983284],[-122.51271400016209,37.78393100019505],[-122.51264600039,37.7838740001068],[-122.51246599956664,37.78374299970002],[-122.51251900016841,37.783619999664936],[-122.51270599976617,37.78355399980415],[-122.51280600022359,37.78347499967814],[-122.51285399990415,37.78335300025234],[-122.51287900001851,37.78323699986658],[-122.5130260003316,37.7831999998032],[-122.51301999958551,37.78313899988851],[-122.51298600014863,37.78303600016266],[-122.51308200040812,37.782896000077706],[-122.51309900012653,37.78277399969612],[-122.51317799976925,37.78274900009359],[-122.51331300038679,37.782816999958364],[-122.51344399990803,37.782781000037716],[-122.51349900015964,37.78270100015134],[-122.51349900015964,37.782633999824874],[-122.5134899999388,37.78257700015629],[-122.51345999980155,37.78252100009037],[-122.51350400018248,37.78243299990102],[-122.51359000039623,37.78239699979334],[-122.51354600001528,37.78228599970605],[-122.51346700037259,37.78219199991105],[-122.51352300044907,37.78208100022582],[-122.51367099968876,37.781981999771084],[-122.5136959998031,37.78189200033989],[-122.51381200015406,37.78173800004917],[-122.5138830002992,37.78161500022735],[-122.51375899955232,37.78147700032214],[-122.51386800023056,37.78142799989249],[-122.51424200032439,37.78146500013299],[-122.5142849999821,37.781429000263834],[-122.51430300042375,37.78135200003127],[-122.51429300037802,37.781278999792],[-122.51446800028019,37.78130300022875],[-122.51458600028096,37.78130100019266],[-122.5146659997486,37.78120400015191],[-122.51472400037323,37.78113400018255],[-122.51464800020526,37.78086100016548],[-122.51446699955694,37.780602999909235],[-122.51447499995287,37.78042600015376],[-122.5145119997628,37.78026899990763],[-122.51453500022735,37.7800819997175],[-122.51456500036458,37.77989699983846],[-122.51464099963422,37.77982099982305],[-122.5147500003125,37.779871999972805],[-122.51489699972727,37.77984799978142]]]}},{"type":"Feature","properties":{"zipcode":"94122"},"geometry":{"type":"Polygon","coordinates":[[[-122.51043500033742,37.7640599998908],[-122.51043100013945,37.76400300010428],[-122.51041900044389,37.76392700008389],[-122.51037000004007,37.76358699989608],[-122.50969100034773,37.75843100001342],[-122.5084629997611,37.74891499971413],[-122.50834700030845,37.74895899987942],[-122.5079420002525,37.749111000055386],[-122.50818699957657,37.75096800012363],[-122.50741599982273,37.75100299983503],[-122.50634799996794,37.75105199982937],[-122.50527699974015,37.751092999930165],[-122.50420300003758,37.75114400000656],[-122.50313299963467,37.75118999969712],[-122.50205999975702,37.751240000347416],[-122.50098699987939,37.751285999978236],[-122.49991400000175,37.75133399971697],[-122.49884199994905,37.75138100006728],[-122.4977699998963,37.75142600025383],[-122.49670200004152,37.75147600003436],[-122.49562999998881,37.751526999846725],[-122.49516499965841,37.75154300018451],[-122.49502499991632,37.75154799980105],[-122.49456100030913,37.751567999684326],[-122.4934880004315,37.751613999821586],[-122.49241700020366,37.751662000057834],[-122.49134500015094,37.75171000026294],[-122.49026999972516,37.751757999726635],[-122.48919400037279,37.7518069999313],[-122.48814300023648,37.751853999981115],[-122.48705299974208,37.7519030001222],[-122.48598800026035,37.75195100017098],[-122.48491500038271,37.751998000129376],[-122.4838440001549,37.752045000057926],[-122.48276999955404,37.75209300001453],[-122.48170199969927,37.75213999988273],[-122.48062899982165,37.75218699972108],[-122.47955799959382,37.752235000295855],[-122.4784860004394,37.75228200007386],[-122.4774150002116,37.75232899982201],[-122.47635499985441,37.752376000250536],[-122.47623000018095,37.75238199986485],[-122.47527600012899,37.752423999992466],[-122.47474100037668,37.75244799985175],[-122.4742049999012,37.75247199970326],[-122.47313299984846,37.7525200000932],[-122.47255899973811,37.752544999973196],[-122.47200800009227,37.752569999844766],[-122.47090799955214,37.75261600006932],[-122.47084599962787,37.75258299980301],[-122.47067999994653,37.752376000250536],[-122.4703009998298,37.75256899979324],[-122.47036600012716,37.752648000270455],[-122.47051099989211,37.75281399993751],[-122.47081999968862,37.75334100003226],[-122.47076100013737,37.75375600029667],[-122.47053699983138,37.75433900022075],[-122.47017100013349,37.75429599973148],[-122.47012000007987,37.754286000159205],[-122.47001899979753,37.75469199988991],[-122.4698129999332,37.754650000339446],[-122.46992000006334,37.754298999816015],[-122.46979600021474,37.75427899996062],[-122.46945899993088,37.754168000274476],[-122.46931199961779,37.75406900008755],[-122.46919399961702,37.753970999800735],[-122.46908499983707,37.75384799995282],[-122.46897500023219,37.753671000072686],[-122.46886300007921,37.75341700027534],[-122.46873900023064,37.75313299971546],[-122.46871999996407,37.753092000034755],[-122.46869900004766,37.75304600010613],[-122.46856400032847,37.752833000140924],[-122.46831599973304,37.75249400015221],[-122.46791499987505,37.75273500034776],[-122.46780400044528,37.752722999755385],[-122.46764299988848,37.75275599995925],[-122.46660000014806,37.75280300011654],[-122.4655330001182,37.75285100029174],[-122.46446199989039,37.75289899972553],[-122.46418400005605,37.75291200033625],[-122.46343300039368,37.75302800000275],[-122.46336100042365,37.75303899979021],[-122.46357800015863,37.75333399974425],[-122.46371100022805,37.75361800024289],[-122.46375200023591,37.75374900004798],[-122.4637730001523,37.753815000235996],[-122.46376999977927,37.754077000337155],[-122.46367600006793,37.754128999807726],[-122.46254200009093,37.755033999806045],[-122.4619210001249,37.7555290000621],[-122.46192299977473,37.75606200002097],[-122.46198200022428,37.756270999917525],[-122.46212100014145,37.756759999740645],[-122.46215100027867,37.75686699982576],[-122.4622590002337,37.756860999864884],[-122.46268199983302,37.75843699984694],[-122.46270199992449,37.75854299966637],[-122.46286299958298,37.75867300001474],[-122.46307000017052,37.758658999736845],[-122.46314600033853,37.75861099977874],[-122.46322599980614,37.75856199981891],[-122.4632659999891,37.75870800034264],[-122.46035600015269,37.759275000222786],[-122.45999100027969,37.759349000132055],[-122.46057399971258,37.760552000327166],[-122.46084300022441,37.762627999742605],[-122.45979000043825,37.76292600025473],[-122.45782700008274,37.76348200010702],[-122.45753599982962,37.76356599980814],[-122.45769999986115,37.76454999995632],[-122.45771800030282,37.76480999990475],[-122.45775599993766,37.7653539998334],[-122.45778900044792,37.765820000073155],[-122.45779000027284,37.766014999789704],[-122.45778900044792,37.76641200028216],[-122.45786800009064,37.766610000153364],[-122.45827700034454,37.76728000034061],[-122.45669899995353,37.76774300026726],[-122.45634499995118,37.7678389996622],[-122.45535300026441,37.76812299986475],[-122.45521799964686,37.76819099969136],[-122.45509399979834,37.76829599989609],[-122.45495400005626,37.768449999784686],[-122.45489200013198,37.76863599973901],[-122.45483400040565,37.76882199993556],[-122.45483699988037,37.76903800021808],[-122.45486199999476,37.76929899983602],[-122.45491200022344,37.76945699976931],[-122.45519199970762,37.76998499970379],[-122.45530600040874,37.77019599965345],[-122.45535300026441,37.77034599989098],[-122.45536400013506,37.77043400026736],[-122.45535300026441,37.77053999993622],[-122.45529499963979,37.77067600005242],[-122.45519500008065,37.770797999808096],[-122.45536099976204,37.77085100011069],[-122.45592499982664,37.77088799996449],[-122.45652200040152,37.770952000166815],[-122.45683899969562,37.77099200008766],[-122.45794599990843,37.77113299979571],[-122.45819699997861,37.771170000218504],[-122.45897000028059,37.77128300026269],[-122.45916199990121,37.77131399969163],[-122.45932199973477,37.77093100003995],[-122.45943800008573,37.770760000103714],[-122.45954199984278,37.7706449996459],[-122.4597519999051,37.77051499974665],[-122.459900999868,37.770442000167314],[-122.46010799955725,37.77039899980745],[-122.46076500040658,37.77031800020108],[-122.461111000013,37.770342999747186],[-122.4614280002054,37.77032799973651],[-122.46179999975108,37.77028700035458],[-122.46275899982592,37.77006599967493],[-122.46440199961596,37.76966900033584],[-122.46475599961828,37.769524999789475],[-122.4652009998572,37.76924500001516],[-122.46576699957164,37.76879500021091],[-122.46629700019936,37.76844300021634],[-122.46700400037912,37.768013000200746],[-122.46730399995478,37.76818900001065],[-122.46833400017469,37.768776999678884],[-122.46873199965964,37.768947999940345],[-122.4691359998907,37.769089999823635],[-122.4697579996816,37.769208999875936],[-122.47011800043003,37.76922199975071],[-122.47059999958057,37.769217999734884],[-122.47092299962075,37.76919599999887],[-122.47130000008762,37.769142999930274],[-122.47156299985335,37.76906599968248],[-122.47182800016724,37.768944999739844],[-122.4720649999937,37.768787999965106],[-122.47224499991874,37.76860999978112],[-122.47234299982804,37.768448999947836],[-122.47243599971446,37.768224999936315],[-122.47246900022473,37.76806200029074],[-122.47250100001179,37.76785400017773],[-122.47258399985245,37.767634999733765],[-122.47264400012693,37.76753699966553],[-122.47276799997549,37.76774199971072],[-122.47275200008197,37.76809599988488],[-122.47271799974675,37.76846400033968],[-122.47265300034775,37.76862900018821],[-122.4725439996695,37.768775000014024],[-122.47228500010172,37.76901300023083],[-122.47205300029812,37.76917699973752],[-122.47183599966485,37.769318000066086],[-122.47163200034866,37.7694180002621],[-122.47144800022564,37.769550000313735],[-122.47140800004266,37.76969099993108],[-122.47146499994408,37.769808000089334],[-122.47160899988411,37.76985999986359],[-122.47182999981705,37.76983999995475],[-122.47221099958355,37.76975200029162],[-122.4731970003209,37.76963400022388],[-122.47373500044621,37.76952799996644],[-122.47393100026478,37.76950899979033],[-122.47416300006839,37.769535999964354],[-122.4745289997663,37.76963900003803],[-122.47468399957697,37.769722000027485],[-122.4750850003333,37.76998499970379],[-122.47526400043344,37.77006400004492],[-122.4755010002599,37.770121999944955],[-122.47592600040736,37.770186000100225],[-122.47618599980002,37.7702510000126],[-122.47628600025746,37.770352999989285],[-122.47631300002162,37.77050500023652],[-122.47629299993014,37.770666999660875],[-122.47620000004372,37.7708790003088],[-122.47614200031742,37.770985000049784],[-122.47603299963914,37.771049999969904],[-122.47582299957685,37.77113900001904],[-122.47559800034428,37.77117400012875],[-122.47535599959664,37.77114299993102],[-122.47508899963294,37.77107700029134],[-122.47491600027888,37.77105700000157],[-122.4740500000905,37.77102899987086],[-122.47365500008027,37.77115600017584],[-122.47494600041613,37.77162399965716],[-122.47519599976306,37.77168600034638],[-122.47555300013846,37.77171100014003],[-122.47601599992072,37.771687000139465],[-122.47689499962961,37.77152900000052],[-122.47746700009012,37.771396000134196],[-122.47792999987239,37.77124500009746],[-122.47886499965777,37.77085400023386],[-122.47914599986517,37.77075399984956],[-122.47926700023902,37.7707099998649],[-122.47989499987771,37.770495999824156],[-122.48002200009934,37.77062000020195],[-122.48023999965922,37.77089400020772],[-122.48044700024676,37.77109699986561],[-122.48064899991311,37.77125299990962],[-122.4808730002191,37.77137500013342],[-122.48108300028139,37.771462000199236],[-122.48146599969773,37.77159700024554],[-122.48160799998793,37.771684999843195],[-122.4817899995628,37.77192900008419],[-122.48195399959434,37.77185499997975],[-122.48258499960613,37.77190299986402],[-122.48351699991677,37.77187899992579],[-122.48372600015414,37.77190299986402],[-122.48392299979761,37.77198900022964],[-122.48406500008784,37.77209499979949],[-122.48408299963118,37.772117999880386],[-122.48651399979181,37.770724999798034],[-122.48669899973974,37.77081000030866],[-122.48709399974996,37.770885999646616],[-122.48756999995102,37.77085999976978],[-122.48847100029953,37.770767000162834],[-122.4890880000676,37.77078500021043],[-122.48980399956983,37.7708950000115],[-122.4901810000367,37.770952000166815],[-122.4906940000477,37.7709780000113],[-122.49112900024087,37.77094999985067],[-122.49184999976602,37.77082100029243],[-122.49242800007431,37.770694999928665],[-122.49313600007898,37.77047699989678],[-122.49361800012785,37.77031100009945],[-122.49382300016724,37.770282999686245],[-122.49414399965929,37.770042999665854],[-122.49484099979331,37.76961100008049],[-122.49512799984849,37.76947699978173],[-122.49544400021598,37.7693820002071],[-122.49616100044146,37.76929200034804],[-122.49731700015978,37.76908599980066],[-122.49789100027012,37.76894300007947],[-122.49854800022116,37.768758999852665],[-122.50045999962472,37.7681570001409],[-122.50182600030361,37.767726000035935],[-122.50221200009301,37.767614999933286],[-122.50256600009531,37.767534999967076],[-122.50455600021499,37.7670580000501],[-122.5063019999372,37.766677999950986],[-122.50608199982918,37.76651999976116],[-122.50576399981185,37.76630100033762],[-122.50504199956347,37.76592400022266],[-122.50411699982385,37.765526000074814],[-122.50559099955949,37.7654759998477],[-122.50600499983628,37.76544099988167],[-122.50642900015879,37.765380000225875],[-122.5068030002526,37.7652999999724],[-122.50768600015945,37.76504000032629],[-122.5079709996665,37.76493800012262],[-122.50836499985179,37.764796000078306],[-122.50935999991162,37.764402999709446],[-122.50943400042979,37.764230999696935],[-122.50941099996527,37.76408799981967],[-122.50987000044788,37.76409000032144],[-122.51029700024515,37.764072999960554],[-122.51043500033742,37.7640599998908]]]}},{"type":"Feature","properties":{"zipcode":"94123"},"geometry":{"type":"Polygon","coordinates":[[[-122.44958399974688,37.80315300000035],[-122.44960399983836,37.80300800001517],[-122.44956500037861,37.80279100025444],[-122.44945999989831,37.80245400019623],[-122.44934299972243,37.80224199996566],[-122.44917899969093,37.802074000341776],[-122.44880299994726,37.80177199966834],[-122.44860499958054,37.8016619996803],[-122.44838500037086,37.80156500010342],[-122.44794199978173,37.801553999726266],[-122.44781999958299,37.80163299968845],[-122.44776799970448,37.80118999974341],[-122.44777500027548,37.801006999682755],[-122.44782600032912,37.80091800010611],[-122.44765599955147,37.80068099980133],[-122.44761299989376,37.800323999874344],[-122.44746599958067,37.79939000033151],[-122.44734099990721,37.798552999736664],[-122.44730300027237,37.798459000048496],[-122.44715799960909,37.797515000232984],[-122.4470150003923,37.79657900033206],[-122.44687099955392,37.79564100028128],[-122.44677600001769,37.79501899993437],[-122.44691300028502,37.795006999814575],[-122.4471369996927,37.795006000336905],[-122.44711699960122,37.79424300024183],[-122.44679600010917,37.79424399972983],[-122.44665200016911,37.79419499995658],[-122.44658799969672,37.79376499994402],[-122.44652400012261,37.793336999978706],[-122.44637500015969,37.79331700003247],[-122.44619000021176,37.79333999989919],[-122.4460029997157,37.79336100004903],[-122.44585899977565,37.79337900027412],[-122.44589300011084,37.793549000211726],[-122.44542699995552,37.79362199968909],[-122.4453900001456,37.79344199996254],[-122.44505799988457,37.79348400019821],[-122.44494099970872,37.793497000063546],[-122.44482199988303,37.79350999992654],[-122.44353499974514,37.79367699965604],[-122.44361000008823,37.79404799973196],[-122.44363000017971,37.794140999864574],[-122.4433840001324,37.79417299984497],[-122.44328899969784,37.793704000231514],[-122.4431720004203,37.79372299986808],[-122.44304600002361,37.79373900030543],[-122.44213499962936,37.79385499982358],[-122.44192999958995,37.79388100013117],[-122.4419129998715,37.79379700008727],[-122.44174200016728,37.79381900031084],[-122.44159999987708,37.79383200011717],[-122.44145799958683,37.79384399971795],[-122.441159999661,37.793882000333944],[-122.44121699956243,37.79416599987266],[-122.4412729996389,37.7944410001128],[-122.44086799958295,37.794493000306446],[-122.44046599990006,37.79454400026963],[-122.44031100008935,37.793794999679406],[-122.4400120003386,37.79383300032061],[-122.43989299961461,37.79384600012448],[-122.43977600033706,37.79385799972303],[-122.43980099955309,37.7939849998504],[-122.43957100029765,37.79401400000537],[-122.43959499968878,37.794133999889226],[-122.43957600032051,37.794136000287914],[-122.43958999966591,37.79420600000989],[-122.43936999955787,37.79423399988018],[-122.43937299993095,37.794250999694796],[-122.43909099989861,37.794286999706934],[-122.43908099985288,37.7942360002761],[-122.43889300043023,37.79426000005439],[-122.43887199961551,37.79415799970061],[-122.43840299998546,37.79421800025986],[-122.43828499998469,37.79422999979794],[-122.4381669999839,37.79424200004395],[-122.4381860002505,37.79433300024899],[-122.43801499964793,37.79435500031289],[-122.43801800002097,37.79437099990354],[-122.43695900038703,37.79450499979986],[-122.43693000007474,37.794362999753744],[-122.43675400034762,37.79438499980871],[-122.43663600034685,37.794398000225335],[-122.4365199999959,37.794416999683435],[-122.43655000013314,37.79456399988373],[-122.43607599958189,37.794624000113195],[-122.43541299978308,37.79470799992671],[-122.43539900043768,37.79464099983809],[-122.43526700019322,37.79465700007667],[-122.4352599996222,37.79462299992047],[-122.43511499985725,37.79464200003058],[-122.43499799968139,37.79465700007667],[-122.43488100040383,37.79467300031179],[-122.43490399997008,37.79478800030255],[-122.4346460002272,37.79482100019278],[-122.43463799983127,37.79477900000729],[-122.43451800018067,37.794794000025576],[-122.43454400011997,37.79492300034102],[-122.43425500041495,37.79496000021388],[-122.43432499983685,37.795326000029696],[-122.43346899969416,37.79543500004338],[-122.43337400015793,37.79496999996526],[-122.43335700043949,37.79488500026052],[-122.43324199991345,37.79491000001679],[-122.43291100037564,37.79495300031608],[-122.43292499972104,37.79502299997389],[-122.43279000000183,37.795040000316845],[-122.43281400029129,37.795158000292815],[-122.43234599958781,37.79522600009715],[-122.43231999964857,37.795100000159735],[-122.43185000019358,37.7951599999539],[-122.4317330000177,37.79517499989483],[-122.43138900006113,37.795219000224556],[-122.431394000084,37.795246999710855],[-122.43127899955796,37.79526100015989],[-122.4312740004334,37.7952340001535],[-122.4306760000336,37.795311000119426],[-122.43069000027731,37.79538399998535],[-122.43058800017005,37.795397000226174],[-122.43021999992405,37.795444000258726],[-122.43010399957309,37.79546300015769],[-122.4299870002955,37.79548200005176],[-122.42933299981922,37.79556600030941],[-122.42935499956053,37.79567300032184],[-122.42907900027433,37.795708000172816],[-122.42906199965756,37.79562100024888],[-122.42900999977904,37.79541899997329],[-122.42854000032405,37.79547900021825],[-122.42842200032328,37.79549100026138],[-122.42830400032251,37.795503999773516],[-122.42833399956143,37.79565099994049],[-122.42771000012065,37.79573100000506],[-122.42770199972476,37.795689999805354],[-122.4269159999023,37.79579099999662],[-122.42679899972643,37.79580599980944],[-122.42668099972565,37.795821000329056],[-122.42666599965702,37.79574899965273],[-122.42636699990629,37.79578699999869],[-122.4263819999749,37.79585899992812],[-122.42568099964292,37.795949000096186],[-122.42527300011226,37.796000999938215],[-122.42515599993638,37.79601599970839],[-122.42503799993561,37.79603100018538],[-122.42415099983081,37.796143999847565],[-122.42422500034897,37.79651000018625],[-122.42424399971722,37.79660800017864],[-122.4242620001589,37.796696999979375],[-122.42416000005163,37.79670999998914],[-122.42421399958,37.79697899973267],[-122.42423100019677,37.79697599995995],[-122.42424799991521,37.797062999707855],[-122.42433400012894,37.79705200007987],[-122.42434199962653,37.79706899995591],[-122.42436199971802,37.7971709998398],[-122.42427200020467,37.79718300031795],[-122.4243269995579,37.79745299991317],[-122.4243399999767,37.79754600001843],[-122.42414800035607,37.797571000293914],[-122.42389399991288,37.79760399965084],[-122.42391400000434,37.79769700027589],[-122.42394400014159,37.79784499977742],[-122.42405499957133,37.797830999818075],[-122.42439900042622,37.79778799977427],[-122.42444000043412,37.798016000232685],[-122.42453800034342,37.798481000303426],[-122.42433400012894,37.7985069996928],[-122.42408200023384,37.798538999911514],[-122.42410399997515,37.79863300020766],[-122.42412099969357,37.798718999996325],[-122.42453400014547,37.79866099981968],[-122.42470400002478,37.79880599982092],[-122.42475099988043,37.799036000242545],[-122.4246839999333,37.79904500001918],[-122.42430999983948,37.79909199986025],[-122.42420000023463,37.799110000108655],[-122.42425399976298,37.79937800021191],[-122.42427499967937,37.799472000150224],[-122.42429200029613,37.799564999843156],[-122.42444299990886,37.80031199990647],[-122.42446399982525,37.800402000327786],[-122.42504200013356,37.80032800033643],[-122.42510499988278,37.80066199982479],[-122.42523399975421,37.800643999954644],[-122.425319000143,37.8010660002522],[-122.4253390002345,37.80116999979372],[-122.42470900004764,37.80125000026964],[-122.42463899972745,37.801257000280515],[-122.42460100009264,37.80126099998227],[-122.4246069999404,37.80129999972458],[-122.42463399970455,37.80135699985683],[-122.42466800003977,37.80142599973398],[-122.4247979997361,37.80209099977183],[-122.42481500035287,37.802175000322],[-122.42483500044433,37.80226800016057],[-122.4250649996998,37.80223800031704],[-122.4252139996627,37.80221900003127],[-122.42523299992929,37.802311999814435],[-122.42528399998292,37.8025630003391],[-122.4253889995649,37.80254999993978],[-122.42541399967925,37.80267200032106],[-122.42550200044113,37.803131999795],[-122.42501700001922,37.80319400031658],[-122.42504200013356,37.80329300003413],[-122.42506300004996,37.8033990001367],[-122.42559299977941,37.803326999748805],[-122.42566200027468,37.803666000222904],[-122.42524200015013,37.80371899967064],[-122.42513199964694,37.803738000280305],[-122.42519100009649,37.80402699987335],[-122.42520899963984,37.80413300034197],[-122.42523100027947,37.80422599984441],[-122.4253819998922,37.80497100021762],[-122.4252990000515,37.8050780000923],[-122.4254880001974,37.806010000026134],[-122.4256279999395,37.80645600025791],[-122.42578000027545,37.80671499970688],[-122.42625700030143,37.80718499977679],[-122.42648900010504,37.8076519996454],[-122.42658199999144,37.80802399980903],[-122.42669999999224,37.808069000302716],[-122.42671800043387,37.80816899988222],[-122.42681600034317,37.80862399987868],[-122.42681200014522,37.80870200008322],[-122.4268310004118,37.80879600022031],[-122.42682600038893,37.80882400023796],[-122.42682899986366,37.808970000158205],[-122.42684800013025,37.80901900006673],[-122.42682399984079,37.80906599994844],[-122.42680600029745,37.809211000104725],[-122.42676500028955,37.80939199972403],[-122.42670400019018,37.80956799965769],[-122.42667099967991,37.809638999649295],[-122.42662499964915,37.80973999992957],[-122.42652699973985,37.8099049999005],[-122.426409999564,37.810064000310774],[-122.42627700039294,37.810212999853334],[-122.4262199995932,37.81027000020372],[-122.42616600006485,37.8103130000779],[-122.42614799962317,37.81033500035042],[-122.42600500040636,37.8104420002598],[-122.4258749998117,37.8105209999408],[-122.42573699971945,37.81059199972576],[-122.42556299964218,37.81066300015218],[-122.42538000024237,37.8107190001804],[-122.42522200005865,37.81075499997335],[-122.42506100040015,37.81077900006215],[-122.42489800019352,37.8107919997226],[-122.42487599955389,37.81079900024845],[-122.42590199957588,37.81205699973219],[-122.42518199987565,37.81262799974413],[-122.43008199983177,37.8118280000764],[-122.44308200000862,37.80972800007217],[-122.44868199957344,37.80862799989119],[-122.4481269997297,37.80689599976633],[-122.4481850003543,37.806755000146396],[-122.44814599999624,37.80635000028452],[-122.44818399963107,37.806338999910324],[-122.44838600019577,37.806220000015685],[-122.44849199960267,37.80608800015279],[-122.44832099989844,37.80499400000478],[-122.44828999993628,37.804792999863835],[-122.44827900006563,37.804724000293135],[-122.44827499986768,37.80470099971212],[-122.44825800014922,37.80458999977002],[-122.44824100043081,37.80447800031158],[-122.44881499964285,37.80422900003245],[-122.44912400033763,37.80400800004781],[-122.44938799992829,37.803710999823416],[-122.44949599988333,37.80346999967167],[-122.44958399974688,37.80315300000035]]]}},{"type":"Feature","properties":{"zipcode":"94124"},"geometry":{"type":"Polygon","coordinates":[[[-122.40764199959281,37.73960599990929],[-122.40762900007232,37.7393499996815],[-122.40754000038389,37.738926000331645],[-122.40749000015518,37.738827999881735],[-122.40747000006367,37.73878899985506],[-122.40737200015438,37.738757000054626],[-122.40725699962834,37.7387970003358],[-122.40717399978767,37.73892099986239],[-122.40711400041151,37.73905999985251],[-122.40706900020567,37.73855399973308],[-122.4070540001371,37.73845799998556],[-122.40700899993122,37.73800199966232],[-122.4069849996418,37.73788500034646],[-122.40690900037214,37.73746000016457],[-122.4067820001505,37.73663600013401],[-122.40676000040921,37.73641100013952],[-122.4067040003327,37.73630900024831],[-122.40668500006612,37.73615899990228],[-122.40665400010398,37.73601599975829],[-122.4066189999439,37.735897000302266],[-122.40655100017182,37.73572099968155],[-122.40638200011743,37.735417999715665],[-122.40629500007877,37.735307000156354],[-122.40617799990292,37.7351580001983],[-122.40549500001264,37.7342870003133],[-122.40509599980444,37.73371600026383],[-122.40505999981944,37.73365199981586],[-122.40465700031163,37.73294900007931],[-122.40396199982744,37.73161000019837],[-122.40340000031098,37.73065800009126],[-122.40302200001922,37.729901999875864],[-122.40275199968247,37.72935699966679],[-122.40220900043255,37.728101999661526],[-122.40210499977715,37.727789999855204],[-122.4018749996234,37.72696499980712],[-122.40182199991997,37.726775000065764],[-122.40147100029068,37.725516000110225],[-122.40118300041058,37.7245880001865],[-122.40078500002731,37.72361599972208],[-122.4003819996212,37.72263299996117],[-122.3999249996867,37.7215169999412],[-122.39983099997538,37.72142700012378],[-122.39959999999671,37.72091999981987],[-122.39941900024675,37.720531999778665],[-122.39930899974355,37.72027799995134],[-122.39920800035952,37.719991999869855],[-122.39912499962054,37.71972999991435],[-122.39908899963554,37.719571999666876],[-122.39896700033513,37.719030000277755],[-122.39891399973334,37.71879199987514],[-122.39888199994631,37.71864799979175],[-122.39878800023496,37.71822399985511],[-122.39871299989188,37.71776599965745],[-122.3986929998004,37.717642000234],[-122.39868699995264,37.71760400023161],[-122.39867000023419,37.717508000325715],[-122.39856099955593,37.7168980000453],[-122.39849899963166,37.71654400008874],[-122.3985510004085,37.716181999781114],[-122.39856099955593,37.7161519998254],[-122.39864599994475,37.71591000007038],[-122.39865599999051,37.71588000000458],[-122.39869699999838,37.71580000024346],[-122.39865000014271,37.7157289996547],[-122.39860599976178,37.71566199977736],[-122.39850000035489,37.71550199969795],[-122.39846900039275,37.715455000017585],[-122.39842300036196,37.71546200033469],[-122.39822499999526,37.71549199985917],[-122.39820200042905,37.71549199985917],[-122.3980159997579,37.71548500025546],[-122.3979310002674,37.71548200001902],[-122.39761200042517,37.715414999918316],[-122.39682300022966,37.71507300028472],[-122.39645800035666,37.71492599981992],[-122.39604099970684,37.71479799979162],[-122.39545599972583,37.714691999856186],[-122.39511599996719,37.71463999968496],[-122.3944880003285,37.71447000026428],[-122.39426200037269,37.71445100016269],[-122.39357100008645,37.714477999819415],[-122.39316799968032,37.71434800001331],[-122.39229399999434,37.714197000094316],[-122.39157900031697,37.71401700033005],[-122.39129200026179,37.71387400006744],[-122.39101400042745,37.71379600000165],[-122.3887589999939,37.714663999713885],[-122.38872899985668,37.71457199967927],[-122.38857099967292,37.71436300000256],[-122.38845000019742,37.714181000211916],[-122.38836900000658,37.71405000002345],[-122.38822599989146,37.71376900009646],[-122.38815599957124,37.71359900009868],[-122.38807899957834,37.713362999756164],[-122.3880119996312,37.7130679996923],[-122.38795700027794,37.7127710001182],[-122.3879000003765,37.71254600010051],[-122.38784099992698,37.712407000086166],[-122.38775200023852,37.712256999650315],[-122.38764900030635,37.712130999760205],[-122.38745000011471,37.71194900017235],[-122.38704800043182,37.71159699981051],[-122.3868159997299,37.71144799976336],[-122.38645199968182,37.71116099980597],[-122.3884760001367,37.7105509998594],[-122.38898800032277,37.71046200013245],[-122.39088800003076,37.710365000300364],[-122.39133200044479,37.71014099999776],[-122.39268900000454,37.70909500010429],[-122.39300799984676,37.708744000332054],[-122.39342799997134,37.70840199975671],[-122.39347099962902,37.708368999680054],[-122.39340000038223,37.70836799974213],[-122.39318600012197,37.70836300005219],[-122.39294500009758,37.70835900030002],[-122.39268200033183,37.7083309998966],[-122.38897599972888,37.7083309998966],[-122.38748199990177,37.7083309998966],[-122.38108100044586,37.70843100007039],[-122.37948899981113,37.708413999716356],[-122.3794009999476,37.70840600021726],[-122.37606299959067,37.70836399999018],[-122.37562400009786,37.70837300014239],[-122.37168099966843,37.7083309998966],[-122.36038100008135,37.7083309998966],[-122.35864399968165,37.71581700032426],[-122.35854099974948,37.71584999992664],[-122.35687899969288,37.727927000080065],[-122.35655900002575,37.72965699990658],[-122.35952099974071,37.731302000186595],[-122.3658219996375,37.73712299989571],[-122.3676310000072,37.74013399980306],[-122.36907899980356,37.74164399983589],[-122.37126300009201,37.74393399997066],[-122.37276199994199,37.745504999668086],[-122.37318799991434,37.745948000241796],[-122.37606400031389,37.75256000003917],[-122.37798099974032,37.75362899994265],[-122.38001400041601,37.75335800001864],[-122.3809850001864,37.75322800027417],[-122.3817109997344,37.75318599989267],[-122.38198500026911,37.75316999991017],[-122.38295100001662,37.753114000299355],[-122.38391400028941,37.75305799993585],[-122.3848800000369,37.75300200024022],[-122.38584599978444,37.75294599979198],[-122.38681200043025,37.75289000001159],[-122.38769600016202,37.75283100004493],[-122.38789000033077,37.752819000178405],[-122.38780400011706,37.75154999993167],[-122.38771799990334,37.75025499992272],[-122.38850799992375,37.75020600011085],[-122.38947799986923,37.7501449999664],[-122.39043299974607,37.750117999816496],[-122.39141799976017,37.750141000339404],[-122.39170599964027,37.75011099993387],[-122.39176300043998,37.75010500013541],[-122.39192999994626,37.75008700002687],[-122.39222799987209,37.75004399990771],[-122.39236299959131,37.750024999698375],[-122.39238600005584,37.7500220001509],[-122.39318299974894,37.74993300026084],[-122.39334000010777,37.74991500011046],[-122.39530799958781,37.74980400027009],[-122.39627400023367,37.74974600006334],[-122.39728500018701,37.74968500024995],[-122.40206200011947,37.74939699990452],[-122.4028610003607,37.74954300004705],[-122.40305499963114,37.74954400013947],[-122.40320299976915,37.749533999924985],[-122.40326100039381,37.74953000026496],[-122.4035690003654,37.74947500012353],[-122.40359299975653,37.74947199984346],[-122.40378399955222,37.749432999742645],[-122.40382700010825,37.7492970003412],[-122.40399100013977,37.74878100027653],[-122.40405200023913,37.748590000298265],[-122.40389700042844,37.74842900021631],[-122.4038670002912,37.74839700032156],[-122.40380199999387,37.74833000016411],[-122.40367399994737,37.74805599967336],[-122.40356099996944,37.7477620001028],[-122.40366200025181,37.74741199970001],[-122.40371199958219,37.74720200022649],[-122.40392400019263,37.7465939997233],[-122.40406399993472,37.74625300000139],[-122.40416900041501,37.74611000017744],[-122.40428999989052,37.745960999942795],[-122.40431500000487,37.745929999832406],[-122.40425700027855,37.745665000283836],[-122.40422799996622,37.745567999667664],[-122.40420299985189,37.74548400012988],[-122.40418500030852,37.74523700027697],[-122.40452699971696,37.74429799992999],[-122.40459000036446,37.74412600005523],[-122.40490400018386,37.74368100030846],[-122.40530500004184,37.74311499973246],[-122.4058380001443,37.74239200011984],[-122.40628900023101,37.74177400004043],[-122.40657399973803,37.74138100026481],[-122.40673000027196,37.74111899996555],[-122.40683499985397,37.74085499974005],[-122.40695200002982,37.74049500004636],[-122.40706199963468,37.739570000263775],[-122.40764199959281,37.73960599990929]],[[-122.38474799979244,37.74085000011148],[-122.38470599995965,37.7408980002258],[-122.38465099970806,37.740960999884514],[-122.38405099965841,37.741650999808996],[-122.38394100005357,37.741901000140025],[-122.38384999981697,37.742378999791974],[-122.38359299989904,37.74328699982565],[-122.38317000029971,37.743818000255374],[-122.38315500023111,37.74383699992725],[-122.38307900006313,37.7439320003445],[-122.38296299971218,37.74386300006853],[-122.38188399998675,37.74313300011613],[-122.37690299983979,37.740305000212516],[-122.37684699976332,37.740191999728644],[-122.37742000004874,37.73955700015068],[-122.37772200017253,37.73922099971416],[-122.37910999969445,37.7376799999699],[-122.37916900014397,37.73776600034254],[-122.38010999977715,37.738307999731234],[-122.3803659998702,37.73853099987151],[-122.38079699986541,37.738776000315234],[-122.38088700027708,37.738827999881735],[-122.38099000020924,37.73871999975756],[-122.38474799979244,37.74085000011148]]]}},{"type":"Feature","properties":{"zipcode":"94127"},"geometry":{"type":"Polygon","coordinates":[[[-122.47308000014502,37.72243000019755],[-122.47311199993207,37.72187599978279],[-122.47305400020572,37.72187500002713],[-122.47306000005351,37.72177399976528],[-122.47272799979251,37.72176300030532],[-122.47264999997469,37.72176700004454],[-122.47263499990609,37.721569000259564],[-122.47243999991241,37.72160299990143],[-122.47225400013959,37.72162800027598],[-122.47198299997793,37.72166100013216],[-122.47176000039518,37.721670999848854],[-122.47167400018147,37.72163100026347],[-122.47077899968072,37.7216370002382],[-122.46987700040562,37.721643000212445],[-122.46974000013827,37.72164399997123],[-122.46897400040729,37.72164999994486],[-122.46865999968963,37.72165200017285],[-122.46807600043184,37.72165599991805],[-122.46761500029938,37.72165899990446],[-122.46718500012908,37.7216619998907],[-122.46658799955419,37.721666000345934],[-122.46627799993279,37.72166799986292],[-122.46556400008033,37.721673000076215],[-122.465390999828,37.7216739998346],[-122.46498400012221,37.72167600006195],[-122.46495099961194,37.72186699984961],[-122.46491399980202,37.72199300023607],[-122.46485799972552,37.72211899969758],[-122.4647790000828,37.72224499965538],[-122.46472899985409,37.72230800026442],[-122.46459699960963,37.72244400022358],[-122.46450899974604,37.72251500006127],[-122.46422300041412,37.7227240001892],[-122.46417200036049,37.722760999953195],[-122.46405299963648,37.722782999996205],[-122.46386799968855,37.72282900025869],[-122.4636400000829,37.72291200018119],[-122.46351500040944,37.72297000009757],[-122.46334700017997,37.72306699977042],[-122.4632879997304,37.72300000013447],[-122.46317300010269,37.72308099967606],[-122.46323800040001,37.723145999761705],[-122.46314700016342,37.723223000193826],[-122.46306000012478,37.723305999674885],[-122.46296800006327,37.723409000159975],[-122.46283400016898,37.72322399993128],[-122.46238999975498,37.72322399993128],[-122.46238999975498,37.723153000062695],[-122.46227099992927,37.72302099965573],[-122.46227400030233,37.72363699977925],[-122.46227599995214,37.72427099974955],[-122.4622790003252,37.724865999722056],[-122.46226400025657,37.72521100017388],[-122.46219899995927,37.7252929998492],[-122.46215499957832,37.725370000180945],[-122.46220399998211,37.72625400011782],[-122.46220999982991,37.72686499977964],[-122.46219700030943,37.72733399990537],[-122.46218600043878,37.72772100016459],[-122.46194600023928,37.727769000265084],[-122.46169400034418,37.72785000027528],[-122.46143999990097,37.72796600014442],[-122.46112799973143,37.728122999867736],[-122.46079700019364,37.72824399978943],[-122.4607250002236,37.728269999723324],[-122.4607250002236,37.72835099989605],[-122.4603789997189,37.728389000069384],[-122.46038000044214,37.728671000334856],[-122.46037000039638,37.728739000187794],[-122.46036000035063,37.72880900001301],[-122.46038000044214,37.72996699965915],[-122.46001999969369,37.7303270001038],[-122.45991299956357,37.730398999840645],[-122.45983200027105,37.73044599998632],[-122.4597309999887,37.7304979997197],[-122.4595639995841,37.730368999958785],[-122.45935199987201,37.730516000329395],[-122.45919299986335,37.73060300013573],[-122.45868900007319,37.730752000024005],[-122.4584720003382,37.73075299965989],[-122.45822299991788,37.73077700015236],[-122.45789900005278,37.730754000006186],[-122.45744600031624,37.73068799985604],[-122.45751499991322,37.730783999732026],[-122.4575269996088,37.73088400015139],[-122.45746700023264,37.73094800015001],[-122.45748200030127,37.731045999663216],[-122.45661500028794,37.73123399984527],[-122.45577099984085,37.73139600001231],[-122.45492100044429,37.73149499997939],[-122.45483299968242,37.73151599993384],[-122.45467399967377,37.731534999921344],[-122.45358200042786,37.73155799982493],[-122.45341099982534,37.731568000336786],[-122.45341099982534,37.731530999999165],[-122.45341099982534,37.731491999680905],[-122.45333100035771,37.73148599979409],[-122.45297700035536,37.73148599979409],[-122.45297499980722,37.731112999835744],[-122.45280199955488,37.731112999835744],[-122.45280199955488,37.73107900029659],[-122.4519379999146,37.731083000243196],[-122.45159200030821,37.731083999874556],[-122.45159200030821,37.73111800012189],[-122.45124599980348,37.73112000009414],[-122.45114399969623,37.73112000009414],[-122.45103999993914,37.73112000009414],[-122.45069500015764,37.73112200006638],[-122.45069400033275,37.73108700018952],[-122.45034899965293,37.73108900016267],[-122.4499729999093,37.7310910001357],[-122.44997100025945,37.73105600024424],[-122.44927599977528,37.731058999849914],[-122.4492769996002,37.73112700035193],[-122.44896600015389,37.73112900032393],[-122.44886300022172,37.73112900032393],[-122.44841399978485,37.73113100029594],[-122.44841399978485,37.73109700005457],[-122.44806800017845,37.73109799968574],[-122.44737699989221,37.73110100000015],[-122.44703100028582,37.7311020003418],[-122.44703100028582,37.731135999870396],[-122.44685800003344,37.73113700021152],[-122.44686399988123,37.731504999789294],[-122.44686600042937,37.731593999814066],[-122.44658000019908,37.73159700010842],[-122.44657900037419,37.73150099986549],[-122.44657900037419,37.73146200024185],[-122.44657699982605,37.7312779998643],[-122.44626899985448,37.73127700023554],[-122.4461519996786,37.731271999960136],[-122.4461509998537,37.73113999981391],[-122.44613300031037,37.73113999981391],[-122.44613300031037,37.731106000287106],[-122.4457009995919,37.73110699991821],[-122.4457009995919,37.73114199978557],[-122.4456150002765,37.73114199978557],[-122.44561399955327,37.73110800025973],[-122.4450090003791,37.73111000023225],[-122.4450090003791,37.73107599998124],[-122.44492300016536,37.73107599998124],[-122.44492399999028,37.73128500010709],[-122.44483799977655,37.73128500010709],[-122.44483600012674,37.731110999863304],[-122.444749999913,37.731110999863304],[-122.44475199956284,37.731424999851306],[-122.44475199956284,37.731515000308306],[-122.44475199956284,37.731602999986244],[-122.44430200019933,37.731604999945446],[-122.44429999965121,37.732277000219874],[-122.44431399989492,37.73234700025301],[-122.4443199997427,37.73308799991487],[-122.44442400039809,37.7331799996881],[-122.44442400039809,37.73324899997584],[-122.44477000000447,37.73324799966325],[-122.44477199965432,37.73345399983365],[-122.44442600004793,37.733455000143465],[-122.444425000223,37.733809999866814],[-122.4443199997427,37.73381100017182],[-122.44432800013863,37.73419699967338],[-122.44494699955649,37.73419799997316],[-122.44495400012748,37.73455200010179],[-122.44535400016059,37.73454899992722],[-122.44527600034277,37.73464400018726],[-122.44518099990825,37.7347369997405],[-122.44518400028127,37.73490200021869],[-122.44568999972125,37.73525000024119],[-122.44577000008721,37.735327999740164],[-122.4457779995848,37.73535400002845],[-122.44583799985926,37.73544399997239],[-122.44584100023232,37.73571699998549],[-122.44524200000761,37.736409999869636],[-122.4452849996653,37.7367650003434],[-122.44532900004623,37.737127999776],[-122.4455030001235,37.73727700003181],[-122.4453690002292,37.73737900001021],[-122.44491999979233,37.73773100005427],[-122.44462500023951,37.73776300029816],[-122.44406899967252,37.73768300001765],[-122.44374999983032,37.737760999794915],[-122.44369399975379,37.73776000025371],[-122.44367600021044,37.737881000056895],[-122.44362400033192,37.73799600030303],[-122.44364000022544,37.73810100003197],[-122.4425520002792,37.73809699975407],[-122.44257900004337,37.73817199977782],[-122.44262500007413,37.738313999775656],[-122.44262800044716,37.73856500025121],[-122.44250399970028,37.739238000102716],[-122.44252499961671,37.73944800015083],[-122.44257800021845,37.73952099977088],[-122.44259699958671,37.73954800023496],[-122.44271799996054,37.73968200005072],[-122.4428569998777,37.739767000004214],[-122.44302000008435,37.73981399988651],[-122.44341900029251,37.73990199964626],[-122.44369399975379,37.73997100006282],[-122.443876000227,37.74006400002831],[-122.44392200025776,37.74008800034418],[-122.44409799998485,37.74023399967088],[-122.44413300014496,37.74027900024221],[-122.44436599977344,37.74057600034322],[-122.44451800010943,37.74069299966833],[-122.44468200014097,37.740793000201776],[-122.44491099957149,37.74087199975333],[-122.44519599997685,37.740921000062336],[-122.445523000215,37.74097200004496],[-122.44573800030015,37.74102199978494],[-122.44589800013371,37.741117000263394],[-122.44598699982217,37.74117999973573],[-122.4460589997922,37.74127500001139],[-122.4460999998001,37.74135799986082],[-122.4461569997015,37.74153500006763],[-122.44619500023462,37.74187200014206],[-122.44623899971724,37.742012999951974],[-122.4462570001589,37.742072000019384],[-122.44632400010606,37.742184999764454],[-122.44637099996172,37.742237999968935],[-122.44641100014472,37.74228199984178],[-122.44651599972669,37.74235900026667],[-122.4466580000169,37.74244200032134],[-122.44683999959179,37.74251899986941],[-122.44710999992854,37.7425799999066],[-122.44738500028814,37.74260900033756],[-122.44848900012794,37.742704999674416],[-122.44882100038893,37.74274899998001],[-122.44913699985811,37.742828999758295],[-122.44935699996616,37.742921999684874],[-122.44958299992196,37.74306499998558],[-122.44971299961828,37.74318500017384],[-122.44978999961121,37.74325700019335],[-122.4498609997563,37.743265000191194],[-122.4501419999637,37.7435999998576],[-122.45069299960952,37.74430599981536],[-122.45163800033895,37.74548299998259],[-122.45154700010234,37.74551499971668],[-122.4516919998673,37.74562900003335],[-122.45096999961895,37.74586999985687],[-122.45083999992261,37.745903999706904],[-122.45087000005984,37.74607799999027],[-122.45072699994469,37.74618700017166],[-122.45052100008039,37.74620700008324],[-122.45016899972786,37.74626900005892],[-122.44979700018222,37.74644200006011],[-122.44944700037782,37.746659999900466],[-122.44965800026505,37.74678999981888],[-122.44982899996924,37.74684499982494],[-122.45052299973021,37.74683499995606],[-122.45065300032485,37.74686699981589],[-122.45078899986899,37.746943999732785],[-122.45117899985634,37.74736099989282],[-122.45176200018751,37.74798400006048],[-122.45203300034916,37.74827399973149],[-122.45210000029633,37.74843099972098],[-122.4521200003878,37.74866900005156],[-122.45212299986254,37.749350999809664],[-122.45213299990827,37.75123600006931],[-122.45292899977646,37.75121500002649],[-122.45301099979226,37.75114899965002],[-122.45309500035613,37.75084799976971],[-122.45314600040977,37.75056500008219],[-122.45315800010535,37.7503360001928],[-122.45314300003672,37.74964899982411],[-122.45312999961793,37.74952399970915],[-122.45307699991447,37.74934499994959],[-122.45308500031042,37.7490289997656],[-122.45313999966366,37.74897000027183],[-122.45408100019515,37.74897199976182],[-122.45417200043174,37.74904499993322],[-122.45415200034026,37.74943399983655],[-122.454042999662,37.74977000008093],[-122.45401699972273,37.74999900030131],[-122.4540369998142,37.750633999792],[-122.45411899983,37.75082300002659],[-122.45432399986939,37.75102500001048],[-122.45440599988518,37.75118199984558],[-122.45439199964146,37.75127900020609],[-122.45462299962014,37.75130299972654],[-122.45520099992845,37.75136599976226],[-122.45569100037322,37.751371000101045],[-122.45616699967596,37.75140500026487],[-122.45644799988335,37.75148299978787],[-122.45703200003948,37.751402000063045],[-122.4579569997791,37.75165999993025],[-122.45835099996441,37.75176999976523],[-122.45887700039418,37.7519160001977],[-122.4589850003492,37.75194599987143],[-122.45910099980186,37.75193700004157],[-122.4592089997569,37.751928000210675],[-122.46066800032222,37.75181399965349],[-122.4611600004168,37.75169399996127],[-122.46147000003819,37.75152200022882],[-122.46131299967936,37.751350000096494],[-122.46100100040816,37.75096100032141],[-122.46049099987188,37.7499710000115],[-122.46035199995471,37.74978299982087],[-122.45963499972925,37.749020999680496],[-122.45958000037595,37.74896599987102],[-122.45949699963697,37.74891800001685],[-122.45885399992963,37.74825900021727],[-122.45866200030902,37.74803799977673],[-122.45863499964653,37.74776900020763],[-122.4587119996394,37.747605000114675],[-122.45901700013626,37.74730600027025],[-122.45917399959679,37.74728599994533],[-122.45874299960154,37.74687600026238],[-122.45867400000459,37.746800999823385],[-122.45878500033268,37.74673800016306],[-122.45873199973089,37.74668400020857],[-122.45869599974588,37.74664299979586],[-122.46021200021262,37.745457999847694],[-122.46039999963527,37.7453110000203],[-122.46072799969835,37.74505500034388],[-122.46102499979929,37.744821999827074],[-122.46118499963283,37.74479200010658],[-122.46142499983235,37.74498199978832],[-122.46302400013978,37.74373199981017],[-122.4632659999891,37.74393500013887],[-122.46338200034006,37.7438449998624],[-122.4636860001137,37.74374899987308],[-122.46473700025001,37.74365900008079],[-122.46580699975459,37.7435740003343],[-122.46604299975616,37.74355499988455],[-122.46685899971585,37.74349100012833],[-122.46774800036879,37.74341299999543],[-122.46807300005878,37.74338399987949],[-122.4680809995564,37.74327600000923],[-122.46827200025042,37.743265000191194],[-122.46862899972747,37.74243800027803],[-122.46892900020144,37.74172500029615],[-122.46848899998541,37.74167100023594],[-122.46856099995541,37.74150300003346],[-122.46869700039785,37.741183000352024],[-122.46878400043649,37.74121400031951],[-122.4691159997992,37.74130599994036],[-122.46912199964699,37.741249999875905],[-122.46919899963989,37.741069000291084],[-122.46975199983382,37.741051000115874],[-122.46975900040485,37.74115100016568],[-122.46996400044426,37.7411450003512],[-122.46995699987326,37.74104400008602],[-122.47007800024709,37.74103899975989],[-122.47030900022575,37.74102800031979],[-122.47063899993864,37.74101300004734],[-122.47107699960655,37.740993999650556],[-122.47119799998038,37.74098799982336],[-122.47122599956948,37.74138299995983],[-122.47163300017357,37.741363999658034],[-122.47160600040938,37.74099799977191],[-122.47176100022007,37.74099199994504],[-122.47168199967903,37.73987399979862],[-122.47135399961599,37.739888000078935],[-122.47133500024772,37.73961400030178],[-122.47133100004977,37.73950400015774],[-122.47109400022332,37.73951499982428],[-122.47106699956079,37.73913200033253],[-122.47163200034866,37.73910599995018],[-122.47155399963253,37.738008999979826],[-122.4714249997611,37.738015000048534],[-122.47140600039283,37.73773899993893],[-122.4714199997382,37.73762800030744],[-122.47143499980685,37.7375169997991],[-122.47138299992831,37.736794999765124],[-122.47107400013181,37.736674000318175],[-122.4712470003842,37.73623300019623],[-122.47205300029812,37.73582200010503],[-122.47212899956781,37.73512899969006],[-122.47210600000157,37.73494600018935],[-122.47209799960565,37.73481200032634],[-122.47175500037231,37.73482199968828],[-122.47156899970116,37.73470700019526],[-122.47169500009784,37.7345740001944],[-122.47174899962617,37.734220000171],[-122.4717629998699,37.733853000181995],[-122.47188300041881,37.73385800028312],[-122.47201499976498,37.73383000028089],[-122.47208799955992,37.73382799967138],[-122.47215100020742,37.73379000015779],[-122.47245099978308,37.73340399995528],[-122.4724530003312,37.733114999883355],[-122.47246300037695,37.73294500023351],[-122.47249400033907,37.73243499965263],[-122.47253399962374,37.73176399972382],[-122.47255899973811,37.73138299988479],[-122.47216000042823,37.731206000271676],[-122.47213199994084,37.73106000019207],[-122.4721779999716,37.73010400011949],[-122.47219600041323,37.729796000238004],[-122.47224900011672,37.7289280002034],[-122.47225699961432,37.72881100004762],[-122.4722700000331,37.728585999720416],[-122.47271199989896,37.72859900033892],[-122.47279300008984,37.72711399991019],[-122.4723610002697,37.72710099974146],[-122.47237899981305,37.72682099998057],[-122.47214899965928,37.726823000068876],[-122.47216100025315,37.726683999841306],[-122.47216700010094,37.726563999905224],[-122.47239399988167,37.726568999788014],[-122.47284699961818,37.72657999995526],[-122.47286900025782,37.72572300017855],[-122.47244400011036,37.72570699994331],[-122.47221399995661,37.725697999765075],[-122.47222300017745,37.7255350002161],[-122.4724530003312,37.725550000071905],[-122.47243400006462,37.725443000181556],[-122.47252000027837,37.72511899973682],[-122.47256999960877,37.72481000001203],[-122.472567000134,37.72463699990436],[-122.47300399997704,37.72463499975702],[-122.47295799994629,37.723823000126835],[-122.47295700012137,37.72362200024658],[-122.47297600038794,37.723117999972295],[-122.47299300010637,37.7230069997387],[-122.4730099998248,37.72289199966051],[-122.47308000014502,37.72243000019755]]]}},{"type":"Feature","properties":{"zipcode":"94131"},"geometry":{"type":"Polygon","coordinates":[[[-122.46376999977927,37.754077000337155],[-122.4637730001523,37.753815000235996],[-122.46375200023591,37.75374900004798],[-122.46371100022805,37.75361800024289],[-122.46357800015863,37.75333399974425],[-122.46336100042365,37.75303899979021],[-122.46289400044343,37.75263599966397],[-122.46261700043398,37.75241799967132],[-122.46221800022585,37.75206499980687],[-122.46210799972266,37.751972000004976],[-122.4617019998418,37.751685000100814],[-122.46147000003819,37.75152200022882],[-122.4611600004168,37.75169399996127],[-122.46066800032222,37.75181399965349],[-122.4592089997569,37.751928000210675],[-122.45910099980186,37.75193700004157],[-122.4589850003492,37.75194599987143],[-122.45887700039418,37.7519160001977],[-122.45835099996441,37.75176999976523],[-122.4579569997791,37.75165999993025],[-122.45703200003948,37.751402000063045],[-122.45644799988335,37.75148299978787],[-122.45616699967596,37.75140500026487],[-122.45569100037322,37.751371000101045],[-122.45520099992845,37.75136599976226],[-122.45462299962014,37.75130299972654],[-122.45439199964146,37.75127900020609],[-122.45440599988518,37.75118199984558],[-122.45432399986939,37.75102500001048],[-122.45411899983,37.75082300002659],[-122.4540369998142,37.750633999792],[-122.45401699972273,37.74999900030131],[-122.454042999662,37.74977000008093],[-122.45415200034026,37.74943399983655],[-122.45417200043174,37.74904499993322],[-122.45408100019515,37.74897199976182],[-122.45313999966366,37.74897000027183],[-122.45308500031042,37.7490289997656],[-122.45307699991447,37.74934499994959],[-122.45312999961793,37.74952399970915],[-122.45314300003672,37.74964899982411],[-122.45315800010535,37.7503360001928],[-122.45314600040977,37.75056500008219],[-122.45309500035613,37.75084799976971],[-122.45301099979226,37.75114899965002],[-122.45292899977646,37.75121500002649],[-122.45213299990827,37.75123600006931],[-122.45212299986254,37.749350999809664],[-122.4521200003878,37.74866900005156],[-122.45210000029633,37.74843099972098],[-122.45203300034916,37.74827399973149],[-122.45176200018751,37.74798400006048],[-122.45117899985634,37.74736099989282],[-122.45078899986899,37.746943999732785],[-122.45065300032485,37.74686699981589],[-122.45052299973021,37.74683499995606],[-122.44982899996924,37.74684499982494],[-122.44965800026505,37.74678999981888],[-122.44944700037782,37.746659999900466],[-122.44979700018222,37.74644200006011],[-122.45016899972786,37.74626900005892],[-122.45052100008039,37.74620700008324],[-122.45072699994469,37.74618700017166],[-122.45087000005984,37.74607799999027],[-122.45083999992261,37.745903999706904],[-122.45096999961895,37.74586999985687],[-122.4516919998673,37.74562900003335],[-122.45154700010234,37.74551499971668],[-122.45163800033895,37.74548299998259],[-122.45069299960952,37.74430599981536],[-122.4501419999637,37.7435999998576],[-122.4498609997563,37.743265000191194],[-122.44978999961121,37.74325700019335],[-122.44971299961828,37.74318500017384],[-122.44958299992196,37.74306499998558],[-122.44935699996616,37.742921999684874],[-122.44913699985811,37.742828999758295],[-122.44882100038893,37.74274899998001],[-122.44848900012794,37.742704999674416],[-122.44738500028814,37.74260900033756],[-122.44710999992854,37.7425799999066],[-122.44683999959179,37.74251899986941],[-122.4466580000169,37.74244200032134],[-122.44651599972669,37.74235900026667],[-122.44641100014472,37.74228199984178],[-122.44637099996172,37.742237999968935],[-122.44632400010606,37.742184999764454],[-122.4462570001589,37.742072000019384],[-122.44623899971724,37.742012999951974],[-122.44619500023462,37.74187200014206],[-122.4461569997015,37.74153500006763],[-122.4460999998001,37.74135799986082],[-122.4460589997922,37.74127500001139],[-122.44598699982217,37.74117999973573],[-122.44589800013371,37.741117000263394],[-122.44573800030015,37.74102199978494],[-122.445523000215,37.74097200004496],[-122.44519599997685,37.740921000062336],[-122.44491099957149,37.74087199975333],[-122.44468200014097,37.740793000201776],[-122.44451800010943,37.74069299966833],[-122.44436599977344,37.74057600034322],[-122.44413300014496,37.74027900024221],[-122.44409799998485,37.74023399967088],[-122.44392200025776,37.74008800034418],[-122.443876000227,37.74006400002831],[-122.44369399975379,37.73997100006282],[-122.44341900029251,37.73990199964626],[-122.44302000008435,37.73981399988651],[-122.4428569998777,37.739767000004214],[-122.44271799996054,37.73968200005072],[-122.44259699958671,37.73954800023496],[-122.44257800021845,37.73952099977088],[-122.44252499961671,37.73944800015083],[-122.44250399970028,37.739238000102716],[-122.44262800044716,37.73856500025121],[-122.44262500007413,37.738313999775656],[-122.44257900004337,37.73817199977782],[-122.4425520002792,37.73809699975407],[-122.44364000022544,37.73810100003197],[-122.44362400033192,37.73799600030303],[-122.44367600021044,37.737881000056895],[-122.44369399975379,37.73776000025371],[-122.44374999983032,37.737760999794915],[-122.44406899967252,37.73768300001765],[-122.44462500023951,37.73776300029816],[-122.44491999979233,37.73773100005427],[-122.4453690002292,37.73737900001021],[-122.4455030001235,37.73727700003181],[-122.44532900004623,37.737127999776],[-122.4452849996653,37.7367650003434],[-122.44524200000761,37.736409999869636],[-122.44584100023232,37.73571699998549],[-122.44583799985926,37.73544399997239],[-122.4457779995848,37.73535400002845],[-122.44577000008721,37.735327999740164],[-122.44568999972125,37.73525000024119],[-122.44518400028127,37.73490200021869],[-122.44518099990825,37.7347369997405],[-122.44527600034277,37.73464400018726],[-122.44535400016059,37.73454899992722],[-122.44495400012748,37.73455200010179],[-122.44494699955649,37.73419799997316],[-122.44432800013863,37.73419699967338],[-122.4443199997427,37.73381100017182],[-122.444425000223,37.733809999866814],[-122.44442600004793,37.733455000143465],[-122.44477199965432,37.73345399983365],[-122.44477000000447,37.73324799966325],[-122.44442400039809,37.73324899997584],[-122.44442400039809,37.7331799996881],[-122.4443199997427,37.73308799991487],[-122.44431399989492,37.73234700025301],[-122.44429999965121,37.732277000219874],[-122.44430200019933,37.731604999945446],[-122.44429999965121,37.73151799989534],[-122.44429499962834,37.73107000006072],[-122.44429800000138,37.73070799969245],[-122.44429100032868,37.729897000218045],[-122.44428399975767,37.72909399978541],[-122.444277000085,37.72826200023652],[-122.44370700017261,37.72830399984173],[-122.44366399961658,37.72830399984173],[-122.44307500033592,37.728633999970704],[-122.44272200015851,37.7287940001068],[-122.44196999977292,37.729136000339714],[-122.44180099971852,37.729201999741676],[-122.44122999998122,37.72942300029273],[-122.44113500044497,37.72946000026266],[-122.44078100044266,37.729605000293134],[-122.44025599983777,37.72982000033019],[-122.440101999852,37.72987799981025],[-122.43980099955309,37.7301009997647],[-122.43959700023692,37.73017699971677],[-122.43955799987886,37.73019099969944],[-122.4385410000777,37.73056800001361],[-122.43819100027333,37.73069799977492],[-122.43701200009049,37.73111800012189],[-122.43644999967572,37.7313330000289],[-122.4361330003816,37.73147000009346],[-122.4358920003572,37.73157699980165],[-122.43542500037695,37.73178599993434],[-122.4350610003289,37.731965000241956],[-122.43491400001581,37.732038000135994],[-122.43429899989755,37.732310999919434],[-122.43344299975489,37.73270400024495],[-122.4328729998425,37.73296700009319],[-122.43253499973372,37.733123000266794],[-122.43237200042542,37.73319899995909],[-122.43092799992867,37.73386700018012],[-122.43039599965114,37.73412100029506],[-122.42979899997454,37.73440600022572],[-122.42959999978292,37.73451800001037],[-122.42939100044386,37.73463599996817],[-122.42884300027276,37.73493199968487],[-122.42860700027121,37.73505999973348],[-122.42857299993602,37.73508199967513],[-122.42801700026736,37.73544399997239],[-122.42787400015219,37.73553699994159],[-122.42672199973353,37.73637200026041],[-122.42665899998437,37.73641799989709],[-122.42616600006485,37.736834999685556],[-122.42559799980226,37.73731699969187],[-122.42528599963273,37.737639999795604],[-122.42508200031654,37.737850999654455],[-122.42495099989698,37.738062999869854],[-122.42472400011627,37.73843099983433],[-122.42448499974165,37.73899299976719],[-122.42427600040259,37.73978400026737],[-122.4242699996565,37.73986600014468],[-122.42450300018331,37.739860000225995],[-122.42443399968805,37.74023499988909],[-122.42447499969592,37.740489000178705],[-122.42451700042702,37.740668000046675],[-122.42456400028269,37.74083199988301],[-122.42464100027559,37.741046999997444],[-122.42472400011627,37.74123800026252],[-122.42484799996481,37.741477999974975],[-122.42494599987411,37.74163999974946],[-122.42473499998694,37.74165300020711],[-122.42483600026925,37.74179600011805],[-122.42448399991676,37.74181699999227],[-122.42451200040415,37.74213100003983],[-122.42442600019044,37.74213600029225],[-122.42431499986235,37.742231000051284],[-122.42432800028114,37.74234099969482],[-122.42433599977872,37.742431999857494],[-122.42477299962175,37.74239799983324],[-122.42479100006341,37.74260400011708],[-122.42484299994194,37.74260100026883],[-122.42485800001057,37.742775999976985],[-122.42473499998694,37.74278400002681],[-122.42475400025349,37.74300799965044],[-122.42437699978662,37.74303100025209],[-122.4243969998781,37.74323200001691],[-122.4249319996304,37.74319399964731],[-122.42497099998847,37.743603999838115],[-122.424838999744,37.743611999798446],[-122.42484899978973,37.74371999988879],[-122.42469300015412,37.74373000017861],[-122.4246999998268,37.7438189997148],[-122.42471900009338,37.74405800012662],[-122.42496199976763,37.74404799988117],[-122.42500399960042,37.74451299992179],[-122.42501199999634,37.744601999937096],[-122.42454400019119,37.744631000286155],[-122.42455500006184,37.74474899975204],[-122.42502799988988,37.744758999902785],[-122.42507300009572,37.745240000018406],[-122.42472800031422,37.7452610003362],[-122.42474400020775,37.74542300035497],[-122.42475199970535,37.745508000109],[-122.4251009996848,37.74548699986129],[-122.42514699971557,37.74597099992977],[-122.42507399992061,37.74597499978215],[-122.4250799997684,37.746044000220174],[-122.42480399958389,37.746060000322835],[-122.42467999973532,37.7460680000177],[-122.42468499975821,37.74611900000565],[-122.42469499980393,37.74623499966623],[-122.42470900004764,37.74634999971977],[-122.42471499989543,37.74641499997979],[-122.42513599984491,37.74639100029474],[-122.42515599993638,37.74658200026593],[-122.42523399975421,37.74657799973608],[-122.42521899968557,37.74660200007078],[-122.42534199970922,37.74659499985557],[-122.42522200005865,37.746792000078166],[-122.42475400025349,37.7468260002149],[-122.42476299957602,37.74691799996357],[-122.42477599999481,37.747027999744475],[-122.42502700006499,37.7470119998511],[-122.42506200022507,37.747364000258486],[-122.42523399975421,37.74735300033766],[-122.42526100041668,37.74762300011666],[-122.42512900017222,37.747631000352904],[-122.42515099991351,37.74780699964888],[-122.42516199978418,37.74789599996496],[-122.42525300002079,37.747891000101674],[-122.42526800008937,37.74803500014866],[-122.42538500026525,37.748028000069],[-122.42542000042535,37.74837000024418],[-122.42543399977075,37.74851099975038],[-122.425283000158,37.74851999999687],[-122.42529400002866,37.74860599985049],[-122.42530599972424,37.748694999915976],[-122.42531999996793,37.748837999717125],[-122.42541799987723,37.74883199981545],[-122.42542600027315,37.748906000225986],[-122.42551199958854,37.748900999720625],[-122.42552099980938,37.74899600003044],[-122.426677000426,37.74892700021385],[-122.42665899998437,37.74875599983513],[-122.42674600002297,37.748749999926815],[-122.42673000012945,37.74851899989062],[-122.42695000023748,37.74850599992864],[-122.42712299959153,37.74849600028414],[-122.42754299971608,37.74847000034987],[-122.42758100024925,37.74887000013149],[-122.42896299992337,37.74878700018233],[-122.42892600011345,37.74838699995207],[-122.42934600023801,37.74836200008783],[-122.42970600008812,37.748339999830975],[-122.4297119999359,37.74842700000134],[-122.42972299980656,37.74854700001947],[-122.42976299998953,37.74854499980768],[-122.42976800001237,37.74859700032477],[-122.42978700027896,37.74859600021956],[-122.42979999979946,37.74873399969542],[-122.4302550000841,37.748706000347575],[-122.43117999982374,37.748650000199504],[-122.43117300015106,37.748578999849414],[-122.43134700022834,37.748569000214786],[-122.43131399971807,37.74824299987971],[-122.43155700029061,37.74822899975907],[-122.43191200011785,37.74820700017299],[-122.43195499977557,37.74860400035061],[-122.43339500007433,37.74852100010311],[-122.43335300024154,37.74812099985564],[-122.43376900016814,37.74809700001356],[-122.43392499980374,37.74817299996034],[-122.4341969997903,37.74815700031451],[-122.43422699992755,37.74847000034987],[-122.43561000032491,37.74838599984397],[-122.43557400033988,37.74798799980406],[-122.43599000026649,37.74796299980503],[-122.43640299982005,37.74793799979761],[-122.43644100035318,37.7483370002152],[-122.43781800000444,37.74825399966819],[-122.43780399976073,37.748117000119244],[-122.43808699961797,37.74810000034939],[-122.43819000044842,37.748087000313795],[-122.43824599962663,37.74866500034479],[-122.43885800027012,37.74865899971883],[-122.43971799971244,37.748649000095],[-122.44069299968078,37.74863899975957],[-122.44140800025644,37.748610000270766],[-122.44155499967121,37.74857099971566],[-122.44191700006948,37.74847400006713],[-122.44251899976892,37.748182999648485],[-122.44258400006623,37.74807900012685],[-122.44316200037457,37.7475040001408],[-122.44396099971749,37.746765000125535],[-122.44409499961179,37.74672200020693],[-122.44455599974425,37.746686999891345],[-122.44460299959991,37.7466830000775],[-122.44478300042329,37.74677100019474],[-122.44483799977655,37.74692000021933],[-122.4448469999974,37.74694499986038],[-122.44485299984517,37.74699200015706],[-122.44485700004314,37.74702500007553],[-122.44473999986727,37.747044999760654],[-122.44462000021667,37.74708100003262],[-122.44442600004793,37.747174000299005],[-122.4442920001536,37.747308999927824],[-122.44417199960469,37.747555999968725],[-122.44415800025929,37.747790999923915],[-122.44422100000848,37.748030999697356],[-122.44426700003925,37.7483799999057],[-122.44409299996198,37.748685000297016],[-122.44370399979952,37.74917700011864],[-122.44355300018681,37.74944299997078],[-122.44344100003383,37.75001500025919],[-122.44342099994235,37.750099000336526],[-122.44325500026096,37.750769000211754],[-122.44321300042817,37.75093499983262],[-122.44306199991713,37.75152799991233],[-122.44299099977201,37.75180799999311],[-122.44284699983197,37.7523750001964],[-122.44270399971685,37.75237700030466],[-122.44252499961671,37.752379999756734],[-122.44249299982962,37.75260700032101],[-122.44223900028476,37.75282999999694],[-122.44205699981157,37.753070999808415],[-122.44188600010735,37.75336500030438],[-122.44214700022323,37.75352300018493],[-122.44205799963646,37.75366499985262],[-122.44179900006868,37.75390100032812],[-122.44177700032739,37.75389300005947],[-122.44163099983922,37.75405699971154],[-122.44152299988416,37.754175999803124],[-122.44142699962468,37.75437099967671],[-122.4414119995561,37.754437000020125],[-122.44132299986762,37.75458200013743],[-122.44120499986687,37.754809999649176],[-122.44089299969733,37.75540799998972],[-122.44060200034248,37.755887999775645],[-122.44063699960428,37.75630599996145],[-122.44089900044341,37.756245999876015],[-122.44099900000253,37.75621799981956],[-122.4410330003377,37.75631799997267],[-122.44100099965236,37.75640299999657],[-122.44087000013108,37.75647299994291],[-122.44094399975096,37.75651099988604],[-122.44102900013978,37.756559999783896],[-122.44093799990317,37.75660099967348],[-122.44098499975883,37.75666700015823],[-122.44102499994177,37.75664800022916],[-122.44107199979747,37.756720999929996],[-122.44115499963816,37.75668300009473],[-122.44120599969176,37.75674899979614],[-122.44142699962468,37.756645000239935],[-122.44152799990705,37.756586999713704],[-122.44159999987708,37.75659699968522],[-122.44191899971929,37.75663700026801],[-122.44224400030761,37.756754999766045],[-122.44222000001818,37.75663900026105],[-122.44227299972161,37.75657499974612],[-122.44237900002683,37.756511999884275],[-122.4424469997989,37.75647099994531],[-122.44223900028476,37.756218999821755],[-122.44296900003071,37.75577999968696],[-122.44281800041799,37.755603000167355],[-122.44289600023576,37.7555579996803],[-122.44293100039587,37.75547900017944],[-122.44299900016793,37.75542700023725],[-122.44355300018681,37.75531000005601],[-122.44361699976092,37.755490000312776],[-122.44363299965444,37.755561999724684],[-122.4436379996773,37.755631999756496],[-122.44365000027118,37.755827000054026],[-122.44395099967176,37.756306999962455],[-122.44411899990124,37.756575999743475],[-122.44393300012841,37.75670699999293],[-122.44469600038465,37.75722400017163],[-122.4448119998373,37.75725299983561],[-122.44496400017326,37.75727300030747],[-122.44497900024186,37.75720399968652],[-122.44510599956516,37.756960999859096],[-122.4448200002332,37.75680800018959],[-122.44440699978134,37.7565679997641],[-122.44435499990279,37.75650299989963],[-122.44435699955262,37.75645599996201],[-122.44437499999427,37.756421999988504],[-122.44438500004003,37.75640199999681],[-122.44448499959914,37.75635399999472],[-122.44450100039099,37.7563739999994],[-122.44454499987359,37.75642999998368],[-122.44476300033182,37.75655799978866],[-122.44502600009751,37.75661200035023],[-122.44528300001548,37.756572999751334],[-122.44564600023864,37.75644899996873],[-122.44584899972992,37.75642499998683],[-122.4459459998143,37.75641299999296],[-122.44695000009494,37.75654999980738],[-122.44703299993564,37.756755999760976],[-122.44711900014936,37.756874999772755],[-122.44778899962085,37.75683999999808],[-122.44815400039217,37.75682100011345],[-122.44819299985191,37.756819000125326],[-122.44832199972333,37.75685599989711],[-122.4501839997965,37.756760999735505],[-122.4511079997112,37.756713999961796],[-122.45191899964802,37.75667000014662],[-122.45212600023557,37.75665900018873],[-122.45214200012911,37.75692200015442],[-122.45222800034283,37.75703399996126],[-122.4523730001078,37.75706799965351],[-122.45252899974338,37.75702900000523],[-122.45317399999888,37.75668800007414],[-122.45334499970309,37.756698000032],[-122.45353399984899,37.756819000125326],[-122.45361699968964,37.756948999952165],[-122.4537690000256,37.75746799983072],[-122.4536689995682,37.75755599990619],[-122.4535940001234,37.75762200024917],[-122.453317000114,37.75782000021465],[-122.45289500033962,37.75806300006134],[-122.45283500006516,37.75809699999089],[-122.45255100038301,37.758191999857324],[-122.45244599990272,37.758226999702586],[-122.45244199970475,37.75834700016243],[-122.45243500003205,37.75880300013464],[-122.45201200043276,37.758807999970784],[-122.45200900005972,37.75941900013163],[-122.45200999988461,37.75954599977917],[-122.45201200043276,37.76036100019593],[-122.45226900035071,37.760334000223075],[-122.45235399984121,37.76078199978606],[-122.45249000028365,37.76140399994038],[-122.45347299974961,37.76158400028341],[-122.45355599959028,37.76153300030171],[-122.45380400018571,37.76171700004245],[-122.4543520003568,37.761269999684636],[-122.45508200010278,37.760673999740135],[-122.45509399979834,37.7605820000501],[-122.45518500003494,37.7605820000501],[-122.45564100014451,37.76029500016604],[-122.45556099977856,37.76118900002186],[-122.45546700006723,37.76228500021438],[-122.45546299986928,37.762514999966044],[-122.4554650004174,37.763062000170464],[-122.45546200004436,37.76360000004897],[-122.45546299986928,37.76369699975192],[-122.45555199955773,37.76413599977452],[-122.4557809998866,37.76407000027243],[-122.45603500032979,37.76399700001209],[-122.45642399959392,37.76388500009517],[-122.4566699996412,37.763815000060966],[-122.45753599982962,37.76356599980814],[-122.45782700008274,37.76348200010702],[-122.45979000043825,37.76292600025473],[-122.46084300022441,37.762627999742605],[-122.46057399971258,37.760552000327166],[-122.45999100027969,37.759349000132055],[-122.46035600015269,37.759275000222786],[-122.4632659999891,37.75870800034264],[-122.46322599980614,37.75856199981891],[-122.46314600033853,37.75861099977874],[-122.46307000017052,37.758658999736845],[-122.46286299958298,37.75867300001474],[-122.46270199992449,37.75854299966637],[-122.46268199983302,37.75843699984694],[-122.4622590002337,37.756860999864884],[-122.46215100027867,37.75686699982576],[-122.46212100014145,37.756759999740645],[-122.46198200022428,37.756270999917525],[-122.46192299977473,37.75606200002097],[-122.4619210001249,37.7555290000621],[-122.46254200009093,37.755033999806045],[-122.46367600006793,37.754128999807726],[-122.46376999977927,37.754077000337155]]]}},{"type":"Feature","properties":{"zipcode":"94132"},"geometry":{"type":"Polygon","coordinates":[[[-122.50719499988976,37.73304600018121],[-122.5072090001335,37.73262699972359],[-122.50715100040715,37.73220599979396],[-122.50699700042138,37.731453000052575],[-122.50686699982674,37.73091799978013],[-122.5068030002526,37.73043200005186],[-122.50669699994741,37.729552000280606],[-122.50653700011382,37.72835999975188],[-122.50649600010597,37.72810700015099],[-122.50646500014382,37.72791899984569],[-122.50629299971635,37.72743499969071],[-122.50596999967617,37.726909999950855],[-122.50561800022199,37.726558000329604],[-122.50532000029615,37.72632200005852],[-122.50476299990422,37.72603199964689],[-122.50361300003368,37.725353999869455],[-122.5032890001686,37.7252500002474],[-122.5031279996118,37.725218000279696],[-122.50304099957317,37.72526000019011],[-122.50308599977902,37.72511599989055],[-122.50309800037289,37.724977999725695],[-122.50309400017494,37.72471299977961],[-122.50307400008346,37.72444600015404],[-122.50300499958817,37.7240840000906],[-122.50288400011266,37.72377000023964],[-122.50266099963156,37.72331800006296],[-122.50237399957639,37.72289800024361],[-122.50146800010334,37.72189200013505],[-122.5013099999196,37.72170099970129],[-122.50089700036604,37.72115799978083],[-122.50069700034948,37.72084700033543],[-122.50054699966336,37.72057400021454],[-122.50040299972329,37.72014399983695],[-122.50032999992837,37.71947600017939],[-122.50032599973039,37.719052999801406],[-122.50032300025568,37.71897600000865],[-122.50031499985975,37.71884099987424],[-122.50029899996623,37.71841299970098],[-122.50027200020205,37.71821100025784],[-122.50022899964601,37.71800200018741],[-122.50015699967601,37.717771999945235],[-122.50003100017763,37.717512000294654],[-122.49990599960583,37.71728599993363],[-122.49897099982046,37.716057000004085],[-122.49880900033708,37.71582799995646],[-122.4987139999025,37.71565900025871],[-122.4986140003434,37.71546499986132],[-122.49852999977949,37.715246999834264],[-122.49844199991594,37.714886000145746],[-122.49842000017462,37.71470699977585],[-122.49837199959575,37.713982000186924],[-122.49835700042546,37.71369400022911],[-122.49824699992227,37.712066999846755],[-122.49817400012734,37.71075799981697],[-122.49816099970855,37.71009100001546],[-122.49816800027958,37.70988700007914],[-122.49817400012734,37.7097220000125],[-122.49817699960211,37.70963000023791],[-122.49820400026458,37.709106999951665],[-122.49825100012025,37.708543999983554],[-122.49829399977796,37.70819700020556],[-122.49830200017388,37.708131999796066],[-122.49823299967858,37.708131999796066],[-122.49816900010447,37.708131999796066],[-122.49810999965491,37.708131999796066],[-122.49809299993649,37.708131999796066],[-122.49809799995936,37.70807299969215],[-122.49785699993495,37.708131999796066],[-122.49013900020391,37.708140999976436],[-122.48988200028597,37.708143999799425],[-122.48877800044619,37.708155999800844],[-122.48637599969956,37.708155999800844],[-122.48613499967514,37.708155999800844],[-122.48603799959075,37.708154999860035],[-122.48587500028245,37.708155999800844],[-122.48577400000012,37.708133999678324],[-122.48566400039525,37.708108999725],[-122.48564000010582,37.708149000214846],[-122.48558999987708,37.70823100029859],[-122.4853859996626,37.70817300021407],[-122.48471700001602,37.70817300021407],[-122.48425599988354,37.70816899974094],[-122.48348099993174,37.708171000332854],[-122.48231699981753,37.70817300021407],[-122.48101999963389,37.70817899985732],[-122.47956500016483,37.70818099973831],[-122.47789999973517,37.708190999853066],[-122.47645100011388,37.70818899997234],[-122.4751139997473,37.708190999853066],[-122.47284499996836,37.708204999727165],[-122.47172799970981,37.708209000198345],[-122.4714239999362,37.708204999727165],[-122.4713329996996,37.70820700031816],[-122.47107999997961,37.70820299984687],[-122.47097799987236,37.70820199990665],[-122.46927200033313,37.70819900008601],[-122.46901299986706,37.7081980001458],[-122.46896900038442,37.7081980001458],[-122.46893900024719,37.70823200023836],[-122.46847399991678,37.70868500000467],[-122.46815599989947,37.70893599998823],[-122.46771800023154,37.70928199993383],[-122.46721000024343,37.709604000157306],[-122.46716199966455,37.70963399992147],[-122.46679199976869,37.70982600011456],[-122.46620299958973,37.7100679998417],[-122.46599400025067,37.71015400030034],[-122.46493899991638,37.71043600034377],[-122.46476700038723,37.71048199974503],[-122.46437200037701,37.71052600001075],[-122.46417599966013,37.71054800013385],[-122.46347500022647,37.710556000112355],[-122.46256100035751,37.710566999814894],[-122.46234700009725,37.71057000025036],[-122.4611600004168,37.71058399967508],[-122.46085800029302,37.71058600020181],[-122.46102899999724,37.710665000000255],[-122.4613229997251,37.710793000061614],[-122.46190100003344,37.71097399974326],[-122.46236200016587,37.71117499982968],[-122.46240499982358,37.711192000261],[-122.46255600033464,37.71125399971088],[-122.46256999968003,37.71136999998646],[-122.46258100044898,37.712273999833414],[-122.46258100044898,37.71252299997807],[-122.46256899985511,37.713150000018246],[-122.4625549996114,37.713904000234834],[-122.46258899994662,37.71402999995258],[-122.46260200036541,37.714308000027096],[-122.46260800021317,37.714883999735115],[-122.46261499988586,37.71561900026963],[-122.46261999990875,37.71614399974043],[-122.46262499993162,37.71657099969338],[-122.46263300032754,37.71742100005924],[-122.46264000000022,37.717936000042656],[-122.4626390001753,37.71821100025784],[-122.46266900031254,37.71992399980227],[-122.46266299956643,37.72000400008428],[-122.46268299965791,37.72169199974684],[-122.46277999974228,37.72177300000819],[-122.462793999986,37.72283700033232],[-122.46265500006884,37.72294800011012],[-122.46243099976284,37.723008999929995],[-122.46227099992927,37.72302099965573],[-122.46238999975498,37.723153000062695],[-122.46238999975498,37.72322399993128],[-122.46283400016898,37.72322399993128],[-122.46296800006327,37.723409000159975],[-122.46306000012478,37.723305999674885],[-122.46314700016342,37.723223000193826],[-122.46323800040001,37.723145999761705],[-122.46317300010269,37.72308099967606],[-122.4632879997304,37.72300000013447],[-122.46334700017997,37.72306699977042],[-122.46351500040944,37.72297000009757],[-122.4636400000829,37.72291200018119],[-122.46386799968855,37.72282900025869],[-122.46405299963648,37.722782999996205],[-122.46417200036049,37.722760999953195],[-122.46422300041412,37.7227240001892],[-122.46450899974604,37.72251500006127],[-122.46459699960963,37.72244400022358],[-122.46472899985409,37.72230800026442],[-122.4647790000828,37.72224499965538],[-122.46485799972552,37.72211899969758],[-122.46491399980202,37.72199300023607],[-122.46495099961194,37.72186699984961],[-122.46498400012221,37.72167600006195],[-122.465390999828,37.7216739998346],[-122.46556400008033,37.721673000076215],[-122.46627799993279,37.72166799986292],[-122.46658799955419,37.721666000345934],[-122.46718500012908,37.7216619998907],[-122.46761500029938,37.72165899990446],[-122.46807600043184,37.72165599991805],[-122.46865999968963,37.72165200017285],[-122.46897400040729,37.72164999994486],[-122.46974000013827,37.72164399997123],[-122.46987700040562,37.721643000212445],[-122.47077899968072,37.7216370002382],[-122.47167400018147,37.72163100026347],[-122.47176000039518,37.721670999848854],[-122.47198299997793,37.72166100013216],[-122.47225400013959,37.72162800027598],[-122.47243999991241,37.72160299990143],[-122.47263499990609,37.721569000259564],[-122.47264999997469,37.72176700004454],[-122.47272799979251,37.72176300030532],[-122.47306000005351,37.72177399976528],[-122.47305400020572,37.72187500002713],[-122.47311199993207,37.72187599978279],[-122.47308000014502,37.72243000019755],[-122.4730099998248,37.72289199966051],[-122.47299300010637,37.7230069997387],[-122.47297600038794,37.723117999972295],[-122.47295700012137,37.72362200024658],[-122.47295799994629,37.723823000126835],[-122.47300399997704,37.72463499975702],[-122.472567000134,37.72463699990436],[-122.47256999960877,37.72481000001203],[-122.47252000027837,37.72511899973682],[-122.47243400006462,37.725443000181556],[-122.4724530003312,37.725550000071905],[-122.47222300017745,37.7255350002161],[-122.47221399995661,37.725697999765075],[-122.47244400011036,37.72570699994331],[-122.47286900025782,37.72572300017855],[-122.47284699961818,37.72657999995526],[-122.47239399988167,37.726568999788014],[-122.47216700010094,37.726563999905224],[-122.47216100025315,37.726683999841306],[-122.47214899965928,37.726823000068876],[-122.47237899981305,37.72682099998057],[-122.4723610002697,37.72710099974146],[-122.47279300008984,37.72711399991019],[-122.47271199989896,37.72859900033892],[-122.4722700000331,37.728585999720416],[-122.47225699961432,37.72881100004762],[-122.47224900011672,37.7289280002034],[-122.47219600041323,37.729796000238004],[-122.4721779999716,37.73010400011949],[-122.47213199994084,37.73106000019207],[-122.47216000042823,37.731206000271676],[-122.47255899973811,37.73138299988479],[-122.47253399962374,37.73176399972382],[-122.47249400033907,37.73243499965263],[-122.47246300037695,37.73294500023351],[-122.4724530003312,37.733114999883355],[-122.47245099978308,37.73340399995528],[-122.47215100020742,37.73379000015779],[-122.47208799955992,37.73382799967138],[-122.47201499976498,37.73383000028089],[-122.47188300041881,37.73385800028312],[-122.4717629998699,37.733853000181995],[-122.47174899962617,37.734220000171],[-122.47169500009784,37.7345740001944],[-122.47156899970116,37.73470700019526],[-122.47175500037231,37.73482199968828],[-122.47209799960565,37.73481200032634],[-122.47210600000157,37.73494600018935],[-122.47212899956781,37.73512899969006],[-122.47205300029812,37.73582200010503],[-122.4712470003842,37.73623300019623],[-122.47107400013181,37.736674000318175],[-122.47138299992831,37.736794999765124],[-122.47143499980685,37.7375169997991],[-122.4714199997382,37.73762800030744],[-122.47208900028315,37.73759799980242],[-122.47316100033586,37.7375499996796],[-122.4732779996134,37.73751800005402],[-122.4742330003886,37.737475999991624],[-122.47435800006205,37.73749699967058],[-122.47526899955798,37.73745599985204],[-122.4753899999318,37.73744999973808],[-122.47636800027323,37.737407000091125],[-122.47744399962559,37.73736000010147],[-122.4784999997848,37.73731300008204],[-122.47960199997475,37.73726600003272],[-122.4806549997609,37.737218999953555],[-122.48172699981365,37.737171999844605],[-122.4820139998688,37.73735200017587],[-122.48237999956669,37.737463000221176],[-122.48282700035375,37.73746900033414],[-122.48324400010527,37.737463000221176],[-122.48397100037651,37.737386999932944],[-122.48429600006654,37.73719399986909],[-122.48494999964448,37.73711699975477],[-122.4850550001248,37.73708199987004],[-122.48502499998757,37.736816999901656],[-122.48545000013502,37.73659499983864],[-122.48572899979428,37.73653500011058],[-122.48608600016965,37.736530000190236],[-122.48640599983678,37.736567999718375],[-122.48670499958753,37.7366170000346],[-122.48707899968134,37.73668499969481],[-122.4875189998974,37.736719999767224],[-122.48790899988472,37.73673899984015],[-122.48826000041232,37.73673700001968],[-122.48860099999588,37.736792999946104],[-122.48894300030264,37.736897999960476],[-122.48915599983965,37.737007000162876],[-122.48942899965112,37.73729599996185],[-122.4896449995612,37.73745799965315],[-122.48979600007226,37.7376059997015],[-122.4896520001322,37.73776300029816],[-122.48979400042242,37.737822000201035],[-122.48997099997443,37.73795699983804],[-122.49036400033482,37.7379300002145],[-122.49047599958949,37.737831999866856],[-122.49069499987262,37.73773299984791],[-122.49089400006423,37.73761100025958],[-122.4912849998765,37.73730300034612],[-122.49145999977867,37.73728300015979],[-122.49145200028109,37.737171999844605],[-122.49140899972505,37.73656700016105],[-122.49131099981577,37.73659799993035],[-122.49111599982209,37.73664700022672],[-122.49102799995853,37.73643700004752],[-122.49102299993567,37.736406000210806],[-122.49093400024721,37.735881000133965],[-122.4909200000035,37.73568000030032],[-122.49074000007846,37.735710999730586],[-122.49072599983475,37.73540000029763],[-122.4905259998182,37.73547000021999],[-122.49026999972516,37.73560600016407],[-122.49032800034979,37.73547099979213],[-122.4902999998624,37.73506600004114],[-122.49085200023144,37.73501700011922],[-122.49083299996487,37.734717000281826],[-122.49127900002871,37.73469799968997],[-122.49123499964779,37.73420499993996],[-122.49127499983076,37.73413200005098],[-122.49129400009731,37.73409599987488],[-122.49225900001994,37.734057999788384],[-122.49334500031635,37.73400899990987],[-122.49378399980918,37.7339890002546],[-122.49394199999293,37.733980999964686],[-122.49440300012539,37.73395999999887],[-122.49644900032156,37.73387699966968],[-122.49656399994927,37.73385599967437],[-122.49685600002732,37.73386700018012],[-122.49748700003909,37.733925000042596],[-122.49803100001222,37.734026999666],[-122.49860599994747,37.734185999927114],[-122.49903299974474,37.73435899975182],[-122.49913900004996,37.73440400034222],[-122.49923899960905,37.734454000255695],[-122.50006299996467,37.73490499966851],[-122.50049300013498,37.735104999897764],[-122.5009020003889,37.73525299967697],[-122.50104100030607,37.73530000029379],[-122.50117900039832,37.735342000169766],[-122.50159500032494,37.73543799969537],[-122.50203100034302,37.735515000135145],[-122.5025579996994,37.735556999889155],[-122.50299500044072,37.73555500003669],[-122.50311000006846,37.73555199990277],[-122.5032189998484,37.73555100033167],[-122.5041849995959,37.73555800017055],[-122.50515299989156,37.73556500000872],[-122.50526199967152,37.73556500000872],[-122.50537999967229,37.735566000290014],[-122.50613500043092,37.73557100027545],[-122.50652100022032,37.73557199984628],[-122.50667000018322,37.735566000290014],[-122.5067959996816,37.7355589997415],[-122.50679700040484,37.735467000082565],[-122.50679999987958,37.73537799974003],[-122.50680099970447,37.735332000167624],[-122.50680099970447,37.73531900002076],[-122.50680499990244,37.73523700007993],[-122.50681999997106,37.73489400002743],[-122.50719499988976,37.73304600018121]]]}},{"type":"Feature","properties":{"zipcode":"94133"},"geometry":{"type":"Polygon","coordinates":[[[-122.42074300005201,37.807590000027425],[-122.42055999975389,37.806658000160944],[-122.41971500038022,37.80676200034528],[-122.41961900012075,37.80629399978186],[-122.41940599968541,37.80632100000418],[-122.41937399989835,37.80616500016062],[-122.41921900008766,37.80618500017719],[-122.41913399969884,37.80616200005124],[-122.41904500001039,37.80611699981491],[-122.41901900007112,37.80598799988449],[-122.41899999980454,37.80589599980201],[-122.41897999971307,37.80580200023191],[-122.41912000035347,37.805784000194876],[-122.41907500014763,37.80556099980597],[-122.41924500002693,37.80553900024033],[-122.41921499988969,37.80538999978363],[-122.41893600023043,37.805424999998905],[-122.41891699996388,37.80532999978153],[-122.41860499979433,37.80537299969337],[-122.41853100017451,37.804999000266136],[-122.41876700017605,37.80496900011239],[-122.41887799960583,37.80495400003091],[-122.41878600044264,37.8044880001941],[-122.41868900035826,37.80450100025228],[-122.41866800044184,37.8043940002514],[-122.41852899962637,37.804410999857254],[-122.41841300017373,37.80442499998901],[-122.41834100020371,37.80406999983406],[-122.41828099992925,37.804023000321436],[-122.41821599963191,37.803687000276476],[-122.41825599981489,37.803649999806304],[-122.41815100023288,37.80313500002747],[-122.41863800030463,37.803073000166094],[-122.41856499961138,37.80268000028083],[-122.41865900022101,37.80266799998593],[-122.4186449999773,37.80259400013545],[-122.41817499962403,37.80265300014694],[-122.41805999999629,37.80267900019717],[-122.41796600028496,37.80220099983076],[-122.4178769996982,37.801706999792],[-122.4177989998804,37.801266999889386],[-122.41770199979602,37.80084399992189],[-122.41758700016831,37.80034099970721],[-122.41749299955865,37.79990600008137],[-122.41738499960361,37.79941399985506],[-122.41748099986309,37.79940100032114],[-122.41770299962091,37.79937200015139],[-122.41768799955231,37.799276999956106],[-122.41761099955941,37.798900999912135],[-122.4178969997897,37.79886600015426],[-122.41786500000265,37.79871000017992],[-122.4176309996509,37.79873899989978],[-122.41757299992457,37.79842599965389],[-122.41738799997665,37.79845000020047],[-122.41721800009734,37.798471999748244],[-122.4171229996628,37.798003999889865],[-122.417004999662,37.79802100025667],[-122.41632199977171,37.798109000339046],[-122.41606599967866,37.79814200016543],[-122.41609199961793,37.79827199974685],[-122.41597199996735,37.79828600033245],[-122.41576699992794,37.79831299993324],[-122.41583100040033,37.798647000015],[-122.41557199993427,37.79868000031093],[-122.41547700039803,37.79821200035071],[-122.41538399961328,37.79774999974776],[-122.4153359999327,37.797512999925786],[-122.41503899983178,37.79756000003178],[-122.41503600035706,37.797543000268774],[-122.41501299989251,37.79754600001843],[-122.41496900040991,37.79733100013941],[-122.41494400029553,37.797227000161506],[-122.41493199970166,37.797169000233154],[-122.4149059997624,37.797171999998035],[-122.41486399992961,37.79696199983592],[-122.41493099987677,37.79695299980551],[-122.41490900013545,37.796843999902045],[-122.41489599971666,37.79678000011168],[-122.41488300019618,37.796719000049215],[-122.41481799989884,37.79639900000165],[-122.41478000026402,37.79635599983414],[-122.41474000008105,37.79631100001174],[-122.41470699957075,37.7961489999982],[-122.41504999970243,37.79610100024145],[-122.41500500039491,37.79587700025446],[-122.41462499955502,37.795923999981646],[-122.41455699978293,37.79556500012943],[-122.41445399985076,37.7955780003384],[-122.41441700004084,37.79541200011898],[-122.41451300030032,37.79540000006301],[-122.41447599959209,37.79520700013723],[-122.41474599992881,37.79517300023415],[-122.41485999973163,37.79515700010732],[-122.41482600029477,37.79498799979834],[-122.41460000033896,37.795016000082065],[-122.41424200013867,37.79506200017022],[-122.41400899961187,37.7950930002752],[-122.4131879996293,37.79519799989297],[-122.41233599968459,37.795307000095505],[-122.41231700031632,37.7952439998678],[-122.41219099991964,37.79525800031741],[-122.41214900008686,37.79504799968347],[-122.41207100026904,37.79505800013287],[-122.41206200004822,37.795013999707265],[-122.41183000024459,37.79504700020635],[-122.41179000006164,37.79505500028214],[-122.41182699987156,37.79523800018138],[-122.41151700025019,37.79528599978898],[-122.41154200036452,37.795409000282625],[-122.41124000024071,37.79544700009366],[-122.41116700044579,37.79507099972119],[-122.41100599988901,37.79509200008882],[-122.41098400014769,37.7950939997517],[-122.4109709997289,37.795028999677825],[-122.41039800034179,37.7951019998224],[-122.4104359999766,37.79528900034015],[-122.41020099979998,37.79531900016658],[-122.41022599991432,37.79544300007711],[-122.4098729997369,37.795487999718375],[-122.40989899967617,37.795616000062516],[-122.40954700022199,37.795661000308264],[-122.40934399983239,37.79568599980195],[-122.4090760000438,37.795720000178804],[-122.40874299995785,37.795761999829324],[-122.40870500032302,37.79576700000582],[-122.40825300041142,37.795824000148635],[-122.40779700030183,37.795881000247526],[-122.4078519996551,37.79580400016584],[-122.40781400002028,37.79561200005511],[-122.40760399995797,37.795638999923355],[-122.4076120003539,37.795681999798326],[-122.40739200024588,37.79571200017502],[-122.40736600030661,37.79571600017702],[-122.40735500043596,37.795658999950874],[-122.40715600024434,37.79568400015509],[-122.40712100008423,37.79551199979982],[-122.4069939998626,37.79553000021065],[-122.40697299994625,37.795531999861666],[-122.40701099958106,37.795720000178804],[-122.40660100040053,37.795773999826494],[-122.40665199955585,37.796024999853],[-122.4063510001553,37.796061999883754],[-122.40622499975858,37.79607799981458],[-122.40586300025866,37.79612200031635],[-122.405772999847,37.795681999798326],[-122.40554699989117,37.79570999981902],[-122.4055839997011,37.79589300022536],[-122.40508300028398,37.79592600033181],[-122.40511199969798,37.79606700003999],[-122.40514299966011,37.79621099999277],[-122.40483800006159,37.79624900010109],[-122.40441200008924,37.796301999901964],[-122.40349700039536,37.79641700019636],[-122.40354900027388,37.79667099995296],[-122.40246200015257,37.79680700026291],[-122.40190700030877,37.796876000131306],[-122.40204100020307,37.79750500011623],[-122.40219199981581,37.79825000013957],[-122.40222899962573,37.79843000021876],[-122.40242100014467,37.7993820000154],[-122.40260400044276,37.80030700003761],[-122.4027900002156,37.801242000154986],[-122.40288099955389,37.80169800033966],[-122.40297400033863,37.802167000307534],[-122.40316000011144,37.803097999990555],[-122.4035209997865,37.803055000173714],[-122.40479799987864,37.80290099998063],[-122.4049860001996,37.80383299970648],[-122.40530900023978,37.80373600014164],[-122.40542499969241,37.80370899968401],[-122.4055720000055,37.803694000056446],[-122.4056339999298,37.80370700025434],[-122.40568400015852,37.80374500005539],[-122.40572699981621,37.80378600004298],[-122.40578999956541,37.80387399964515],[-122.40595399959693,37.804663999749955],[-122.40517399962226,37.804763000336145],[-122.40535699992036,37.80569600002955],[-122.40592199980988,37.80646199974301],[-122.40577899969476,37.806577999864864],[-122.40645900011032,37.80691899966367],[-122.40716200009213,37.80723200011606],[-122.40731299970484,37.807243999669375],[-122.40745900019301,37.80731399974546],[-122.40905199975434,37.80807100032404],[-122.4092169996108,37.808104999968236],[-122.40951500043494,37.808164999844834],[-122.41084199985747,37.808333999814984],[-122.41242199989833,37.80856399966528],[-122.41252400000558,37.80862499988183],[-122.41255300031789,37.80875400017385],[-122.41278799959622,37.808850000244895],[-122.41516299968035,37.8089230002154],[-122.4153429996054,37.80897300015356],[-122.41557399958408,37.808970000158205],[-122.41584300009589,37.80896600016421],[-122.41586200036247,37.80864999995603],[-122.41580200008805,37.808214000287556],[-122.41744599970298,37.80801299968415],[-122.4176649999861,37.80798500006866],[-122.41908600001828,37.8078029998252],[-122.42074300005201,37.807590000027425]]]}},{"type":"Feature","properties":{"zipcode":"94134"},"geometry":{"type":"Polygon","coordinates":[[[-122.43368200012951,37.713181000351774],[-122.43371999976432,37.713101999682465],[-122.43355699955771,37.7130619997342],[-122.4328579997739,37.71291399966691],[-122.43243900037255,37.7128350001342],[-122.43195700032372,37.712729000233054],[-122.43107299969363,37.71254699998206],[-122.42969900041543,37.71226400026963],[-122.42969600004237,37.712170000324356],[-122.42977499968512,37.71191800003401],[-122.42966300043042,37.71187800015727],[-122.42925099980344,37.71177300020044],[-122.4291119998863,37.71172600028662],[-122.42895000040289,37.7116629999169],[-122.42866300034773,37.71153400004179],[-122.42808000001652,37.71126599991932],[-122.42762700027998,37.71106500007973],[-122.4275929999448,37.71111199970218],[-122.42744200033205,37.71104499991383],[-122.42747699959385,37.71099700034648],[-122.42718700006395,37.71086800002263],[-122.42721600037628,37.71080500034476],[-122.4273400002248,37.71053399999163],[-122.4274089998218,37.710381000296024],[-122.42701200016178,37.710269000253604],[-122.42718000039125,37.70989099974889],[-122.42732900035415,37.70949500013016],[-122.42699000042046,37.70940000030175],[-122.42697700000166,37.70938699986689],[-122.42670699966492,37.709250000175075],[-122.42682100036603,37.70912200029123],[-122.42695500026034,37.7089059999415],[-122.4270869996065,37.708646999672546],[-122.4271639995994,37.70838799991983],[-122.42719000043701,37.708299999666124],[-122.42693500016885,37.70829899972721],[-122.42686400002374,37.708299999666124],[-122.42667900007584,37.70826399972605],[-122.42664899993859,37.70832700014271],[-122.4264680001886,37.70830400013218],[-122.42643700022649,37.70830100031567],[-122.42637699995203,37.70830100031567],[-122.4263119996547,37.70830100031567],[-122.42625800012637,37.70830100031567],[-122.42620700007272,37.7083020002545],[-122.4261700002628,37.70830300019332],[-122.42605300008692,37.70830100031567],[-122.42599799983535,37.7083020002545],[-122.42589200042846,37.7083020002545],[-122.42561100022105,37.7083020002545],[-122.42549900006807,37.70830300019332],[-122.42543999961853,37.708305000070965],[-122.4254170000523,37.70830600000974],[-122.42540199998366,37.708366999804134],[-122.42535199975498,37.708617000219526],[-122.42404299987578,37.70824300028592],[-122.4238610003009,37.708195000325006],[-122.4237819997599,37.708229999648104],[-122.42238199964407,37.708229999648104],[-122.42008199990305,37.70823100029859],[-122.41980200041887,37.70823100029859],[-122.41970100013651,37.70823100029859],[-122.41966699980132,37.70832999995817],[-122.41924599985182,37.70821900030931],[-122.41912200000328,37.708488999953005],[-122.41905500005615,37.70847799994201],[-122.41895700014686,37.70845100023108],[-122.41880200033613,37.70840800009213],[-122.41871600012242,37.70838500010673],[-122.41860700034246,37.708354999836935],[-122.41838499968631,37.708293000093676],[-122.41830400039377,37.70827000007258],[-122.41820499976124,37.708240999695896],[-122.41815399970764,37.708227999768425],[-122.41810000017927,37.708355999775044],[-122.41800599956963,37.7083309998966],[-122.41772500026053,37.70825299968161],[-122.41770000014618,37.708308999826045],[-122.41766699963591,37.70838300023123],[-122.41753600011467,37.70834499974431],[-122.41748599988593,37.7083309998966],[-122.41731600000664,37.70828200005359],[-122.41725400008237,37.70840299969423],[-122.41718499958706,37.70838799991983],[-122.41706400011155,37.70835799965126],[-122.41700700021016,37.708341999929466],[-122.41675199994204,37.70827000007258],[-122.41672000015495,37.708333999711904],[-122.41637399965025,37.70823699993715],[-122.41627499991606,37.708209000198345],[-122.41622999971021,37.70819399967402],[-122.41614000019683,37.70838899985748],[-122.41606900005172,37.70837000032867],[-122.41572599992004,37.70827299989034],[-122.41566800019372,37.70840299969423],[-122.41541499957542,37.7083309998966],[-122.4153140001914,37.70830300019332],[-122.41526399996266,37.708422999862485],[-122.41519299981758,37.708412999779036],[-122.41507200034206,37.708380999645044],[-122.41498899960307,37.70835699971313],[-122.41440100014734,37.70819199979338],[-122.4143500000937,37.70817699997627],[-122.41429700039025,37.70816000027466],[-122.41417299964337,37.70845000029426],[-122.41350800019475,37.70826399972605],[-122.41348100043056,37.70829699984945],[-122.41338099997313,37.70830600000974],[-122.41328100041402,37.70831500016899],[-122.41289800009939,37.708308999826045],[-122.41251599960965,37.70830400013218],[-122.41238000006554,37.70830300019332],[-122.41235599977608,37.70830300019332],[-122.41227799995829,37.70845300010474],[-122.412216000034,37.70843499981867],[-122.41181799965072,37.708322999677904],[-122.41177199961999,37.708322999677904],[-122.41035999980862,37.70832199973931],[-122.4080979997024,37.70832199973931],[-122.40776100031682,37.70834299986774],[-122.40773200000449,37.70840700015473],[-122.40770299969219,37.70840099981923],[-122.40767099990514,37.70839300031873],[-122.40742400003293,37.70832400032714],[-122.40737100032948,37.70831099970352],[-122.40734799986492,37.708371000266574],[-122.40732600012363,37.70836300005219],[-122.406978999794,37.708271999951116],[-122.40694199998408,37.708360000238066],[-122.40658899980666,37.70836100017611],[-122.40653799975303,37.708360000238066],[-122.40629599990369,37.70836200011418],[-122.40625999991869,37.7083520000225],[-122.40618299992579,37.70852100004036],[-122.40617200005514,37.708517000296716],[-122.40604200035881,37.70848099975136],[-122.40554500024135,37.708341999929466],[-122.40537100016408,37.708294000032666],[-122.40529199962305,37.708261999847295],[-122.40514299966011,37.70843200000747],[-122.404754000396,37.708322999677904],[-122.40472799955842,37.70835799965126],[-122.40434199976904,37.708360000238066],[-122.4034370001209,37.70836399999018],[-122.40292599975974,37.708371000266574],[-122.40239699985523,37.708368999680054],[-122.40176500001854,37.708371000266574],[-122.40133400002333,37.70837400008025],[-122.40128100031988,37.70837400008025],[-122.39967899963942,37.708379999707226],[-122.39752600021144,37.70838600004442],[-122.39615600023288,37.70838899985748],[-122.39528800039466,37.708391999670425],[-122.39512000016516,37.70839400025637],[-122.39485200037657,37.70839300031873],[-122.39468300032216,37.708390999732806],[-122.39347099962902,37.708368999680054],[-122.39342799997134,37.70840199975671],[-122.39300799984676,37.708744000332054],[-122.39268900000454,37.70909500010429],[-122.39133200044479,37.71014099999776],[-122.39088800003076,37.710365000300364],[-122.38898800032277,37.71046200013245],[-122.3884760001367,37.7105509998594],[-122.38645199968182,37.71116099980597],[-122.3868159997299,37.71144799976336],[-122.38704800043182,37.71159699981051],[-122.38745000011471,37.71194900017235],[-122.38764900030635,37.712130999760205],[-122.38775200023852,37.712256999650315],[-122.38784099992698,37.712407000086166],[-122.3879000003765,37.71254600010051],[-122.38795700027794,37.7127710001182],[-122.3880119996312,37.7130679996923],[-122.38807899957834,37.713362999756164],[-122.38815599957124,37.71359900009868],[-122.38822599989146,37.71376900009646],[-122.38836900000658,37.71405000002345],[-122.38845000019742,37.714181000211916],[-122.38857099967292,37.71436300000256],[-122.38872899985668,37.71457199967927],[-122.3887589999939,37.714663999713885],[-122.39101400042745,37.71379600000165],[-122.39129200026179,37.71387400006744],[-122.39157900031697,37.71401700033005],[-122.39229399999434,37.714197000094316],[-122.39316799968032,37.71434800001331],[-122.39357100008645,37.714477999819415],[-122.39426200037269,37.71445100016269],[-122.3944880003285,37.71447000026428],[-122.39511599996719,37.71463999968496],[-122.39545599972583,37.714691999856186],[-122.39604099970684,37.71479799979162],[-122.39645800035666,37.71492599981992],[-122.39682300022966,37.71507300028472],[-122.39761200042517,37.715414999918316],[-122.3979310002674,37.71548200001902],[-122.3980159997579,37.71548500025546],[-122.39820200042905,37.71549199985917],[-122.39822499999526,37.71549199985917],[-122.39842300036196,37.71546200033469],[-122.39846900039275,37.715455000017585],[-122.39850000035489,37.71550199969795],[-122.39860599976178,37.71566199977736],[-122.39865000014271,37.7157289996547],[-122.39869699999838,37.71580000024346],[-122.39865599999051,37.71588000000458],[-122.39864599994475,37.71591000007038],[-122.39856099955593,37.7161519998254],[-122.3985510004085,37.716181999781114],[-122.39849899963166,37.71654400008874],[-122.39856099955593,37.7168980000453],[-122.39867000023419,37.717508000325715],[-122.39868699995264,37.71760400023161],[-122.3986929998004,37.717642000234],[-122.39871299989188,37.71776599965745],[-122.39878800023496,37.71822399985511],[-122.39888199994631,37.71864799979175],[-122.39891399973334,37.71879199987514],[-122.39896700033513,37.719030000277755],[-122.39908899963554,37.719571999666876],[-122.39912499962054,37.71972999991435],[-122.39920800035952,37.719991999869855],[-122.39930899974355,37.72027799995134],[-122.39941900024675,37.720531999778665],[-122.39959999999671,37.72091999981987],[-122.39983099997538,37.72142700012378],[-122.3999249996867,37.7215169999412],[-122.4003819996212,37.72263299996117],[-122.40078500002731,37.72361599972208],[-122.40118300041058,37.7245880001865],[-122.40147100029068,37.725516000110225],[-122.40182199991997,37.726775000065764],[-122.4018749996234,37.72696499980712],[-122.40210499977715,37.727789999855204],[-122.40220900043255,37.728101999661526],[-122.40275199968247,37.72935699966679],[-122.40302200001922,37.729901999875864],[-122.40340000031098,37.73065800009126],[-122.40396199982744,37.73161000019837],[-122.40465700031163,37.73294900007931],[-122.40505999981944,37.73365199981586],[-122.40509599980444,37.73371600026383],[-122.40549500001264,37.7342870003133],[-122.40617799990292,37.7351580001983],[-122.40629500007877,37.735307000156354],[-122.40638200011743,37.735417999715665],[-122.40655100017182,37.73572099968155],[-122.4066189999439,37.735897000302266],[-122.40665400010398,37.73601599975829],[-122.40668500006612,37.73615899990228],[-122.4067040003327,37.73630900024831],[-122.40676000040921,37.73641100013952],[-122.4067820001505,37.73663600013401],[-122.40690900037214,37.73746000016457],[-122.4069849996418,37.73788500034646],[-122.40700899993122,37.73800199966232],[-122.40755399972926,37.73783699969926],[-122.40765800038466,37.73781300007443],[-122.40768500014885,37.73780599973839],[-122.4077889999059,37.73777700026734],[-122.4078509998302,37.73775499970568],[-122.40798700027263,37.73770600014266],[-122.4081250003649,37.737656999836794],[-122.40821700042642,37.73761199980281],[-122.40821599970317,37.73758200000173],[-122.4082109996803,37.737399999716686],[-122.40823300031994,37.737181000049134],[-122.4082450000155,37.73706299988513],[-122.408337000077,37.736677999962524],[-122.4083579999934,37.7366170000346],[-122.40846799959824,37.73634199995685],[-122.40848799968973,37.736291000336514],[-122.40858200029939,37.73612499983839],[-122.40865500009431,37.735997999775215],[-122.40877899994288,37.73581700013654],[-122.408809999905,37.73577299997307],[-122.4088359998443,37.7357449999846],[-122.40892299988292,37.7356499997164],[-122.4089930002031,37.73557499997939],[-122.40908600008956,37.735448999966074],[-122.40914100034111,37.73537500030932],[-122.40950500038919,37.735044000094675],[-122.40979800029216,37.73482800001522],[-122.4099499997298,37.73471499969628],[-122.41041800043325,37.73445699972366],[-122.41126700000493,37.7339910001493],[-122.41207899976665,37.73357299966401],[-122.41349300012614,37.73286400011264],[-122.41438799972855,37.7324170002199],[-122.41511499999979,37.73222999981548],[-122.41520899971111,37.73221200033291],[-122.41545899995634,37.73216400027042],[-122.41593900035537,37.73207199994529],[-122.41665700040579,37.73201299972297],[-122.41739200017463,37.73204999981969],[-122.41846099985429,37.7320600002651],[-122.41924400020203,37.7320600002651],[-122.41925099987472,37.73186699981356],[-122.41925599989759,37.731682999731916],[-122.41925699972248,37.73166500011638],[-122.4192700001413,37.7313299997239],[-122.41935600035501,37.731439000308505],[-122.41951399964044,37.7314899997187],[-122.41985000009942,37.73147599998162],[-122.41988400043464,37.73129699991287],[-122.41969199991567,37.73131299965082],[-122.41992999956706,37.72936099970641],[-122.4203680001333,37.729325999707704],[-122.42045599999683,37.72917099971771],[-122.42047799973815,37.72917400011024],[-122.42049100015694,37.72917600013499],[-122.42068799980042,37.72917200008538],[-122.42067600010485,37.72900300027893],[-122.42084900035722,37.728993999790745],[-122.42085900040297,37.729130999919725],[-122.42156999988237,37.72909799983924],[-122.42174200030979,37.72908999973137],[-122.42312800018189,37.72902400022959],[-122.42313099965664,37.72906899979943],[-122.423227999741,37.72908700004593],[-122.42331099958167,37.72910300026145],[-122.42339699979539,37.729110999657415],[-122.42348200018421,37.729118999763],[-122.42383100016366,37.72909700018106],[-122.42381000024729,37.72884099985015],[-122.42383700001145,37.72875499976799],[-122.42386299995071,37.72867299966274],[-122.4240589997693,37.728412999907015],[-122.42390899998148,37.72834099966023],[-122.42400000021809,37.72821999989703],[-122.42363399962186,37.728040000100705],[-122.4235089999484,37.72820699992245],[-122.42333599969604,37.72779199991734],[-122.42312200033413,37.72727700024705],[-122.42383700001145,37.726336999754885],[-122.42380799969915,37.726237999997295],[-122.4235519996061,37.726115999941754],[-122.42358299956824,37.72602399991835],[-122.42352900003989,37.72589399976772],[-122.42313499985458,37.725997000206455],[-122.42297300037117,37.72560500022765],[-122.42305500038697,37.725584000017975],[-122.42302799972447,37.72551899994029],[-122.42343500032855,37.72540200008298],[-122.42332499982538,37.72513799994459],[-122.42321199984748,37.724865000006766],[-122.42311999978597,37.72489200013132],[-122.42282000021032,37.72496999988331],[-122.42279300044613,37.724904999977255],[-122.42269499963855,37.72492999994786],[-122.42247899972848,37.72440899981064],[-122.42256099974422,37.72438700025065],[-122.42242600002503,37.72404800000324],[-122.42283000025606,37.72394399996846],[-122.42380699987423,37.72369100020334],[-122.42477099997194,37.722172000055615],[-122.42434199962653,37.72194700016492],[-122.42455500006184,37.721647999716865],[-122.42547899997659,37.72023300001418],[-122.42480100010916,37.72002399996363],[-122.42403200000511,37.71992600007687],[-122.42373699955402,37.71982299972257],[-122.42355499997916,37.71966799974049],[-122.4234889998569,37.71943900019572],[-122.42353700043581,37.71895700035202],[-122.42345200004699,37.71870600020441],[-122.4230240004248,37.7181629996478],[-122.42288600033257,37.71809199990241],[-122.42264199993507,37.71803100029697],[-122.42255400007154,37.71795700028891],[-122.42250600039095,37.71791600031021],[-122.42257499998793,37.71786900002938],[-122.4236210001014,37.717251999731566],[-122.4237819997599,37.71716800004343],[-122.42402100013449,37.71710100004617],[-122.42425999961077,37.71708400026],[-122.42465600034419,37.7171320001479],[-122.42494199967616,37.717261000225506],[-122.42517699985278,37.71748600013729],[-122.42541200002943,37.71788099987712],[-122.4256060001982,37.71813199997753],[-122.42583499962872,37.71827899976601],[-122.42614000012556,37.71843300000985],[-122.42654400035661,37.71724799974859],[-122.42666999985502,37.7170779999165],[-122.4266980003424,37.71704599997134],[-122.42684800013025,37.71665100004318],[-122.42718899971376,37.715748000139186],[-122.42722300004893,37.71554900005915],[-122.43067000018581,37.71645300008557],[-122.43106699984587,37.71654899993729],[-122.43115399988449,37.71659399998045],[-122.4323230000216,37.715037999929784],[-122.43277699958304,37.714437000047305],[-122.43283799968242,37.714387000121214],[-122.43363500027382,37.713280999666004],[-122.43366000038819,37.71322800005336],[-122.43368200012951,37.713181000351774]]]}}]}